Year,State,Flyway,Zone,American Black Duck,American Coot,American Wigeon,Blue-winged and Cinnamon Teal (not speciated),Brant,Bufflehead,Canada Goose (not speciated),Canvasback,Eider (not speciated),Emperor Goose,Gadwall,Goldeneye (not speciated),Greater White-fronted Goose,Green-winged Teal,Harlequin Duck,Light Geese (not differentiated by color phase),Long-tailed Duck,Mallard,Merganser (not speciated),Mexican-like Duck,Mottled Duck,Northern Pintail,Northern Shoveler,Redhead,Ring-necked Duck,Ruddy Duck,Sandhill Crane,Scaup (not speciated),Scoters,Swan (not differentiated),Unidentified Ducks,Whistling Duck,Wood Duck,Miscellaneous Ducks
2016,AL,MF,AL:1,725,16842,8646,0,0,438,1001,923,0,0,19852,211,325,1755,0,720,0,16098,436,0,0,1999,1245,521,2936,282,9527,627,0,0,50,0,60,0
2016,AL,MF,AL:2,0,0,0,0,0,0,0,0,0,0,0,0,0,0,0,0,0,0,0,0,0,0,0,0,0,0,0,0,0,0,0,0,0,0
2016,AL,MF,AL:3,0,745,0,0,0,450,15,0,0,0,625,0,0,75,0,0,0,55,0,0,0,0,0,0,0,0,0,500,0,0,0,0,0,0
2016,AL,MF,AL:4,0,500,275,0,0,0,0,0,0,0,150,0,0,150,0,0,0,300,50,0,0,0,0,0,150,0,0,0,0,0,300,0,800,0
2016,AR,MF,AR:0,0,0,165,0,0,0,29332,660,0,0,103867,0,137896,46151,0,924723,0,653106,307,0,0,55678,78873,0,4202,0,0,610,0,0,52381,0,101,0
2016,AR,MF,AR:1,0,0,0,0,0,1344,316,10,0,0,12382,0,400,7621,0,3200,0,38726,0,0,0,628,8211,0,315,0,0,0,0,0,0,0,0,0
2016,IA,MF,IA:1,2,225,7,0,0,0,6181,1468,0,0,21,463,5,0,0,0,0,8981,155,0,0,200,0,50,950,0,0,312,0,1052,23,0,0,0
2016,IA,MF,IA:2,0,191,0,0,0,0,22556,0,0,0,1,34,55,12,0,3024,0,24988,9,0,0,0,0,30,8,0,0,0,0,74,0,0,0,0
2016,IA,MF,IA:3,0,214,0,0,0,0,68989,1,0,0,75,180,0,0,0,0,0,7024,958,0,0,0,0,2,12,1,0,0,0,226,152,0,10,0
2016,IA,MF,IA:4,6,0,0,0,0,0,26964,0,0,0,0,2,0,100,0,0,0,13060,1,0,0,20,500,3,0,0,0,0,0,128,25,0,0,0
2016,IA,MF,IA:5,0,63,0,0,0,0,11246,5,0,0,0,26,0,0,0,0,0,1400,1,0,0,0,0,0,35,0,0,0,0,232,0,0,1,0
2016,IL,MF,IL:1,55,900,0,0,0,2100,24390,227570,0,0,5600,18905,18000,7000,0,7010,0,223110,440,0,0,14910,1600,15,14975,4650,0,22600,0,612,0,0,0,0
2016,IL,MF,IL:2,21,3860,2,0,0,51,100892,1665,0,0,2232,11412,20470,0,0,1365,0,63150,812,0,0,600,125,20,10302,3841,0,905,0,178,0,0,0,0
2016,IL,MF,IL:3,240,625,31,0,0,708,3975,95,0,0,4958,512,28520,1622,0,156703,0,22361,46,0,0,1227,578,96,1867,266,0,666,0,147,26,0,0,0
2016,IL,MF,IL:4,0,0,0,2,0,0,4504,0,0,0,0,30,0,0,0,0,0,194,17,0,0,0,0,0,0,0,0,0,0,26,0,0,0,0
2016,IL,MF,IL:5,4829,0,0,0,0,0,500,0,0,0,12712,0,46075,4829,0,122700,0,88614,0,0,0,4829,0,0,6092,0,0,120,0,122,0,0,0,0
2016,IN,MF,IN:1,200,3855,35,0,0,567,6714,183,0,0,935,270,150,75,0,8,0,6878,331,0,0,91,63,194,87,21,2254,332,0,95,0,0,103,0
2016,IN,MF,IN:2,171,3705,98,0,0,192,17930,0,0,0,1042,84,9988,14,0,51806,0,15146,185,0,0,579,43,104,183,56,14059,36,0,316,333,0,172,0
2016,IN,MF,IN:3,2,14,0,0,0,3,70,1,0,0,22,3,0,20,0,0,0,126,0,0,0,0,5,0,10,1,42,0,0,0,0,0,0,0
2016,IN,MF,IN:4,0,0,0,0,0,0,40,0,0,0,600,0,0,0,0,120,0,5876,14,0,0,520,0,0,2,0,30,0,0,0,0,0,6,0
2016,KY,MF,KY:1,120,725,390,0,0,0,1199,40,0,0,1951,20,11465,30,0,8802,0,43043,0,0,0,1525,455,0,1810,0,0,565,0,10,0,0,32,0
2016,KY,MF,KY:2,168,0,3,0,0,26,1341,15,0,0,26,0,0,0,0,0,0,849,52,0,0,0,1,25,10,0,0,0,0,0,32,0,0,0
2016,KY,MF,KY:3,818,155,0,0,0,33,261,41,0,0,16,10,0,10,0,0,0,626,6,0,0,0,0,0,0,0,210,12,0,0,17,0,0,0
2016,LA,MF,LA:1,0,4180,146,165,0,20,0,821,0,0,6709,0,1000,11474,0,5000,0,13419,11,0,0,3926,3809,36,2626,0,0,277,0,0,0,0,9,0
2016,LA,MF,LA:2,0,15941,687,4900,0,0,0,22817,0,0,102479,0,54215,160047,0,149906,0,46529,56,0,0,13395,73589,40,115694,5,0,421,0,0,3,0,717,0
2016,LA,MF,LA:3,0,359652,1369,58477,0,490,0,2176,0,0,288083,0,86935,194684,0,187275,0,66900,0,0,17796,46121,291242,560,97543,1365,0,114110,0,0,0,1875,314,0
2016,LA,MF,LA:4,0,770487,1163,52562,0,8512,0,8070,0,0,216883,6048,550,85658,0,2515,0,3126,17928,0,18757,8724,10469,0,147654,0,0,132046,0,0,0,0,0,0
2016,MI,MF,MI:1,25,0,0,0,0,0,0,0,0,0,0,226,0,0,0,0,0,759,54,0,0,0,0,5000,0,0,0,0,0,5,0,0,0,0
2016,MI,MF,MI:2,24,0,0,0,0,146,20,0,0,0,0,101,0,0,0,0,1,257,0,0,0,0,0,0,0,0,0,50,1,174,164,0,0,0
2016,MI,MF,MI:3,41,0,0,0,0,987,1683,0,0,0,41,990,0,0,0,0,2520,1370,432,0,0,0,360,50,0,0,0,196,11,651,91,0,0,0
2016,MI,MF,MI:4,82,0,0,15,0,0,11846,635,0,0,0,7105,0,0,0,0,25,2703,4045,0,0,0,0,3550,0,0,0,1405,0,499,0,0,0,0
2016,MI,MF,MI:5,510,0,0,0,0,445,28990,0,0,0,0,942,0,0,0,3,7000,15652,1666,0,0,0,0,45,650,0,0,815,0,581,75,0,0,0
2016,MI,MF,MI:6,102,0,0,0,0,260,28874,0,0,0,0,1096,0,0,0,0,0,5209,700,0,0,0,0,0,35,0,0,15,0,1487,0,0,1,0
2016,MI,MF,MI:7,1772,0,0,0,0,1738,10525,61980,0,0,300,5665,0,0,0,0,0,6802,2854,0,0,0,0,51990,0,0,0,7630,0,4137,0,0,0,0
2016,MN,MF,MN:1,1,0,0,0,0,0,63,0,0,0,0,0,0,0,0,0,0,234,46,0,0,0,0,0,0,0,0,0,0,634,0,0,0,0
2016,MN,MF,MN:2,0,0,0,0,0,0,0,0,0,0,0,23,0,0,0,0,0,62,0,0,0,0,0,0,0,0,0,0,0,0,0,0,0,0
2016,MN,MF,MN:3,3,11,0,0,0,0,1256,1050,0,0,1,392,0,0,0,0,0,5662,1546,0,0,5,0,0,1,0,0,3862,0,371,0,0,0,0
2016,MN,MF,MN:4,5,38,0,0,0,0,2270,0,0,0,103,367,0,0,0,0,0,11243,43,0,0,0,7,1,70,0,0,2,0,1023,1,0,0,0
2016,MO,MF,MO:1,0,400,0,0,0,7,8774,1,0,0,10,18,145,5,0,6028,0,26887,5,0,0,10,0,0,6,7,0,3,0,586,0,0,0,0
2016,MO,MF,MO:2,0,492,19,0,0,22,61239,113,0,0,948,165,1400,1650,0,74754,0,112943,228,0,0,10,30,115,1775,59,0,575,0,214,3210,0,2,0
2016,MO,MF,MO:3,0,432,62,0,0,17,14480,134,0,0,2081,179,121,421,0,50751,0,192878,407,0,0,282,22,21,176,2,2,238,0,31,4282,0,8,0
2016,MO,MF,MO:4,0,0,2,0,0,0,14656,6,0,0,903,0,558,150,0,25,0,24191,34,0,0,450,142,4,0,0,0,0,0,24,110607,0,0,0
2016,MO,MF,MO:5,9,7620,1317,25,0,32,2703,61,0,0,24408,15,27555,6096,0,373100,0,190991,77,0,0,9630,9775,23,10387,39,0,0,0,6,12688,0,722,0
2016,MS,MF,MS:1,0,15000,1309,0,0,197,460,1727,0,0,59004,0,18210,28398,0,82500,0,213759,19090,0,0,10087,107848,364,6407,39740,13,41890,0,0,0,0,3513,0
2016,MS,MF,MS:2,0,29,75,0,0,61,278,0,0,0,230,0,110,97,0,0,0,1805,45,0,0,247,120,0,332,0,0,0,0,0,796,0,770,0
2016,OH,MF,OH:1,4223,315,77,4,0,205,74094,1,0,0,288,526,2973,2,0,10,0,41567,21738,0,0,5,50,1888,48,1196,0,9758,0,2716,105,0,2,0
2016,OH,MF,OH:2,126,54,1,0,0,29,14212,7,0,0,101,81,0,5,0,0,3,3822,658,0,0,7,3,15,57,0,0,51,0,115,48,3,72,0
2016,OH,MF,OH:3,1846,625,19,3,0,60,37889,19,0,0,255,7,6,2,0,5,0,22496,509,0,0,2,29,508,489,366,0,223,0,418,454,0,2,0
2016,TN,MF,TN:1,79,800,8972,0,0,245,4178,793,0,0,93237,160,13319,25449,0,58150,0,477328,0,0,0,31736,10938,0,16872,445,5407,2445,0,0,20000,0,735,0
2016,TN,MF,TN:2,1598,1860,3655,0,0,216,3945,1550,0,0,23533,74,1350,2755,0,8,0,93261,62,0,0,10066,1085,0,15590,270,54,700,0,0,0,0,323,0
2016,TN,MF,TN:3,1787,2360,80,2,0,540,1876,25,0,0,1624,490,0,41,0,31,0,12206,8,0,0,939,15,2,401,68,10848,33,0,0,47,0,2,0
2016,WI,MF,WI:1,27,0,0,0,0,0,6522,0,0,0,0,173,0,0,0,0,0,1535,121,0,0,0,0,0,0,0,0,42,0,517,0,0,2,0
2016,WI,MF,WI:2,10,0,500,0,0,6,11992,23709,0,0,674,1563,0,0,0,0,0,8515,6386,0,0,0,0,0,2,0,0,10131,0,6601,200,0,1,0
2016,WI,MF,WI:3,18,4829,0,0,0,2394,32861,0,0,0,49,5437,0,1,0,0,0,10709,6670,0,0,0,271,2,2,0,6,12,0,276,24,0,1,0
2016,WI,MF,WI:4,278,51,3,0,0,301,8592,33,0,0,2,26939,0,0,0,1,2601,11793,424,0,0,0,1,8,1,1,2,6310,0,340,20,0,0,0
2015,AL,MF,AL:1,413,31228,8212,22,0,671,576,1918,0,0,23635,440,300,892,0,903,0,20071,274,0,0,3554,1817,1815,11143,120,15611,1118,0,1,908,0,51,0
2015,AL,MF,AL:2,0,0,0,0,0,0,0,0,0,0,0,0,0,0,0,0,0,0,0,0,0,0,0,0,0,0,0,0,0,0,0,0,0,0
2015,AL,MF,AL:3,0,5250,0,0,0,203,48,0,0,0,2348,0,0,50,0,0,0,128,0,0,30,0,0,70,0,0,0,863,0,0,0,0,0,0
2015,AL,MF,AL:4,0,800,500,400,0,0,0,0,0,0,200,0,0,100,0,0,0,700,50,0,0,0,0,0,400,0,0,0,0,0,500,0,900,0
2015,AR,MF,AR:0,0,0,0,0,0,6773,6935,7495,0,0,76520,0,183182,14181,0,0,0,925561,86,0,0,33029,16228,0,23307,0,0,1636,0,874,122749,0,516,0
2015,AR,MF,AR:1,0,0,533,0,0,27,981,89,0,0,21685,0,100,2565,0,0,0,46127,132,0,0,1755,6029,0,4588,71,0,945,0,0,0,0,26,0
2015,IA,MF,IA:1,0,0,0,0,0,0,3475,3,0,0,5,1680,0,0,0,0,0,260,1005,0,0,0,0,3,50,0,0,0,0,51,0,0,0,0
2015,IA,MF,IA:2,0,70,0,0,0,0,31961,10,0,0,0,28,0,10,0,0,0,21794,32,0,0,0,0,0,0,0,0,0,0,87,7,0,0,0
2015,IA,MF,IA:3,0,0,0,0,0,7,87816,1,0,0,12,368,2,0,1,0,0,9146,319,0,0,0,0,4,0,0,0,16,0,198,45,0,0,0
2015,IA,MF,IA:4,0,0,0,0,0,0,23915,0,0,0,0,0,0,0,0,0,0,2916,3,0,0,0,0,0,0,1,0,0,0,20,0,0,0,0
2015,IA,MF,IA:5,0,0,0,0,0,0,17730,5,0,0,0,0,0,0,0,0,0,2785,0,0,0,0,0,10,0,0,0,1,0,289,0,0,0,0
2015,IL,MF,IL:1,0,0,0,0,0,0,2630,39860,0,0,0,320,13050,0,0,1020,0,193795,717,0,0,7000,0,0,4605,0,0,30,0,0,0,0,0,0
2015,IL,MF,IL:2,270,50,0,0,0,415,81954,5,0,0,101,11599,31700,0,0,2185,0,70745,735,0,0,0,0,0,7,0,0,20,0,200,370,0,0,0
2015,IL,MF,IL:3,592,1600,406,0,0,2892,17750,882,0,0,9365,2582,16175,185,0,171000,0,74182,13,0,0,2146,2,152,3107,19,0,2959,0,420,0,0,0,0
2015,IL,MF,IL:4,10,0,0,0,0,380,3115,0,0,0,0,337,0,0,0,0,0,480,235,0,0,0,0,0,0,0,0,0,0,29,0,0,0,0
2015,IL,MF,IL:5,0,0,183,0,0,0,2200,0,0,0,3405,0,13300,0,0,30400,0,21249,0,0,0,183,0,0,622,0,0,458,0,281,0,0,0,0
2015,IN,MF,IN:1,4,6,2,0,0,12,3124,0,0,0,1,55,0,0,0,0,1,627,290,0,0,0,0,43,0,0,750,500,0,12,0,0,0,0
2015,IN,MF,IN:2,240,1571,25,0,0,178,32208,42,0,0,859,198,11251,10,0,17016,0,16529,189,0,0,17,27,226,282,10,171,162,0,62,816,0,0,0
2015,IN,MF,IN:3,0,22,0,0,0,12,146,8,0,0,45,16,0,0,0,0,0,43,4,0,0,0,0,5,12,0,0,42,1,0,0,0,0,0
2015,IN,MF,IN:4,38,0,0,0,0,0,0,0,0,0,0,16,40,0,0,0,0,1932,134,0,0,2,0,0,4,0,0,0,0,0,0,0,0,0
2015,KY,MF,KY:1,116,6600,225,0,0,75,2240,260,0,0,955,280,5250,15,0,0,0,105649,0,0,0,70,150,25,6015,0,0,2390,0,150,0,0,28,0
2015,KY,MF,KY:2,525,220,0,0,0,42,1156,7,0,0,14,8,0,0,0,1,0,2478,92,0,0,0,0,30,8,1,0,0,0,0,3,0,0,0
2015,KY,MF,KY:3,218,210,0,0,0,137,850,0,0,0,26,0,0,0,0,0,8,2029,12,0,0,0,2,0,0,0,250,200,3,0,82,0,0,0
2015,LA,MF,LA:1,0,8947,129,5,0,26,0,1451,0,0,11148,0,250,5759,0,2500,0,9591,28,0,0,2094,2186,0,3757,92,0,980,0,0,0,0,67,0
2015,LA,MF,LA:2,0,2750,209,772,0,0,6,103350,0,0,40453,0,30475,70947,0,137685,0,134506,25,0,0,27628,24841,10,29867,0,6,0,0,0,0,15,2786,0
2015,LA,MF,LA:3,0,550899,6107,15023,0,1015,0,1860,0,0,493157,0,26979,400051,0,123346,0,89610,875,0,18964,31451,178060,0,307195,105,25,74377,0,0,0,945,1435,0
2015,LA,MF,LA:4,0,1386138,38240,4653,0,3363,0,182332,0,0,716351,504,1146,164895,0,23730,0,6907,8136,0,22537,77498,11923,0,226097,144,0,268059,0,0,0,0,576,0
2015,MI,MF,MI:1,0,0,0,0,0,0,0,0,0,0,0,0,0,0,0,0,0,60,24,0,0,0,0,0,0,0,0,0,0,0,125,0,0,0
2015,MI,MF,MI:2,12,0,0,0,0,0,70,0,0,0,0,254,0,0,0,0,0,726,22,0,0,0,0,0,0,0,0,0,0,82,0,0,0,0
2015,MI,MF,MI:3,79,0,0,0,0,99,872,0,0,0,47,759,0,0,0,0,845,1286,311,0,0,0,0,322,0,0,0,212,86,345,134,0,0,0
2015,MI,MF,MI:4,25,0,0,0,0,0,195,0,0,0,0,2605,0,0,0,0,0,1053,465,0,0,0,0,0,0,0,0,25,0,88,0,0,0,0
2015,MI,MF,MI:5,513,0,0,0,0,0,16858,0,0,0,0,284,0,0,0,0,0,10466,217,0,0,0,0,130,0,0,0,50,0,374,0,0,0,0
2015,MI,MF,MI:6,31,1,0,0,0,1,9261,0,0,0,0,7,0,0,0,0,0,1368,16,0,0,0,0,0,0,0,0,0,0,138,20,0,0,0
2015,MI,MF,MI:7,1516,50,0,0,0,1382,15529,117460,0,0,500,9005,0,0,0,0,152,15973,6847,0,0,0,0,16720,0,0,0,1550,0,4215,0,0,0,0
2015,MN,MF,MN:1,0,0,0,0,0,0,0,0,0,0,0,12,0,0,0,0,0,0,0,0,0,0,0,0,0,0,0,0,0,32,0,0,0,0
2015,MN,MF,MN:2,0,0,0,0,0,0,1,0,0,0,0,20,0,0,0,0,0,61,0,0,0,0,0,0,0,0,0,3,0,0,0,0,0,0
2015,MN,MF,MN:3,2,0,0,0,0,0,1728,0,0,0,0,1027,0,0,0,0,0,6138,2142,0,0,0,0,0,0,0,0,0,0,253,0,0,0,0
2015,MN,MF,MN:4,2,15,52,0,0,1,7796,0,0,0,0,898,0,1,0,0,0,9290,114,0,0,0,0,2,0,0,0,10,0,1643,10,0,0,0
2015,MO,MF,MO:1,0,0,0,0,0,0,11004,0,0,0,0,81,0,0,0,50450,0,23911,2,0,0,0,0,8,0,0,0,0,0,134,0,0,0,0
2015,MO,MF,MO:2,0,5,8,0,0,26,75511,44,0,0,67,253,252,265,0,76876,0,159521,266,0,0,0,1,49,11,25,0,77,0,489,209,0,0,0
2015,MO,MF,MO:3,0,241,7,0,0,20,30817,282,0,0,5944,1181,0,144,0,60156,0,168936,451,0,0,1,104,12,78,0,0,172,0,130,729,0,109,0
2015,MO,MF,MO:4,0,34,15,14,0,172,11236,17,0,0,298,115,1646,15,0,560,0,1650,81,0,0,2,49,7,2,2,0,18,0,198,418,0,9,0
2015,MO,MF,MO:5,42,464,1539,5,0,13,3194,18,0,0,19798,0,19026,1262,0,89685,0,197943,1066,0,0,11987,23034,3,11407,73,0,51,0,36,0,0,4800,0
2015,MS,MF,MS:1,0,21053,5737,0,0,7256,560,2812,0,0,78035,0,15000,49607,0,174400,0,159979,4514,0,0,63731,215425,2781,2979,40489,25,28294,0,0,0,0,5520,0
2015,MS,MF,MS:2,0,79,25,15,0,205,303,10,0,0,162,0,100,410,0,3,0,4564,1426,0,0,995,137,19,1472,0,0,36,0,0,1145,0,1685,0
2015,OH,MF,OH:1,11973,57,56,0,0,2062,55650,12,0,0,467,794,7,0,0,2,0,45285,23367,0,0,0,15,17,44,22,70,43830,3,4162,100,0,0,0
2015,OH,MF,OH:2,1750,172,0,0,0,75,15715,21,0,0,50,13,0,24,0,1,0,6857,227,0,0,13,1,126,116,8,0,38,0,41,1,0,6,0
2015,OH,MF,OH:3,5414,305,109,0,0,65,62752,33,0,0,132,37,1,18,0,30,0,27178,94,0,0,65,53,174,369,82,0,274,0,573,1590,0,0,0
2015,TN,MF,TN:1,47,750,1580,0,0,10,775,245,0,0,37560,20,14900,6738,0,171650,0,373623,20,0,0,3700,2150,80,4740,35,5725,0,0,0,0,0,468,0
2015,TN,MF,TN:2,2919,5690,3234,0,0,356,3709,1565,0,0,20025,148,1850,8664,0,230,0,105816,670,0,0,7380,465,0,10245,797,0,1406,0,0,50,0,314,0
2015,TN,MF,TN:3,2543,44,999,0,0,1500,4347,0,0,0,1621,25,0,92,0,6,0,25763,62,0,0,52,83,216,2210,2,36610,6,0,0,25,0,260,0
2015,WI,MF,WI:1,17,0,0,0,0,0,4662,0,0,0,0,248,0,0,0,0,0,1115,17,0,0,0,0,0,0,0,0,0,0,370,0,0,1,0
2015,WI,MF,WI:2,18,0,0,0,0,1,5172,0,0,0,34,527,0,0,0,0,1,2515,1067,0,0,0,0,0,0,1,0,0,0,434,0,0,0,0
2015,WI,MF,WI:3,42,1001,0,0,0,10675,46626,8,0,0,9,2673,0,0,0,0,0,11628,1638,0,0,0,139,11,0,3,1,30,1,410,7,0,0,0
2015,WI,MF,WI:4,84,0,0,0,0,42,12287,0,0,0,0,9213,0,0,0,0,116,4489,801,0,0,0,0,0,0,0,0,2658,14,118,27,0,2,0
2014,AL,MF,AL:1,932,34819,4215,0,0,616,1488,2928,0,0,29210,520,245,506,0,2700,0,24517,985,0,0,2195,396,3280,5073,222,12771,2546,0,0,20,0,364,0
2014,AL,MF,AL:2,0,0,0,0,0,0,0,0,0,0,0,0,0,0,0,0,0,0,0,0,0,0,0,0,0,0,0,0,0,0,0,0,0,0
2014,AL,MF,AL:3,0,1335,0,0,0,97,73,0,0,0,895,0,0,55,0,0,0,0,0,0,7,0,0,0,0,0,0,25,0,0,35,0,0,0
2014,AL,MF,AL:4,0,500,100,100,0,0,0,0,0,0,100,0,0,125,0,0,0,300,0,0,0,0,0,0,0,0,0,0,0,0,200,0,700,0
2014,AR,MF,AR:0,0,0,0,0,0,300,3710,0,0,0,69847,0,141959,16728,0,1448079,0,807133,0,0,0,8469,10610,0,6144,0,0,892,0,0,0,0,0,0
2014,AR,MF,AR:1,0,385,0,0,0,129,2749,36,0,0,26778,0,400,6656,0,7800,0,58692,70,0,0,0,3662,0,136,0,0,860,0,0,0,0,104,0
2014,IA,MF,IA:1,10,0,0,0,0,1,6750,240,0,0,2,2031,0,0,0,0,0,624,779,0,0,0,0,0,0,0,0,20,0,28,1,0,0,0
2014,IA,MF,IA:2,0,0,0,0,0,0,27728,0,0,0,0,15,31,5,0,3,0,36355,19,0,0,5,0,0,2,0,0,1,0,65,0,0,0,0
2014,IA,MF,IA:3,0,0,2,0,0,34,78771,4,0,0,0,246,0,0,0,0,0,16019,257,0,0,0,0,9,20,0,0,350,0,131,0,0,6,0
2014,IA,MF,IA:4,0,0,0,0,0,1,16145,0,0,0,0,3,0,0,0,0,0,2545,0,0,0,0,0,0,0,0,0,0,0,27,1,0,0,0
2014,IA,MF,IA:5,1,4,0,0,0,1,28597,0,0,0,0,10,0,2,0,0,0,9177,28,0,0,1,0,0,0,0,0,3,0,213,0,0,0,0
2014,IL,MF,IL:1,5,0,0,0,0,0,8600,1085,0,0,0,7200,0,0,0,0,0,46305,9400,0,0,0,0,0,300,0,0,150,0,6,0,0,0,0
2014,IL,MF,IL:2,205,0,0,0,0,490,76560,0,0,0,0,2025,355,0,0,0,0,33438,1649,0,0,0,0,0,0,0,0,0,0,118,100,0,0,0
2014,IL,MF,IL:3,60,35,0,0,0,4,40550,800,0,0,900,7778,3525,0,0,8150,0,11615,790,0,0,200,0,0,1150,472,0,50,0,64,0,0,0,0
2014,IL,MF,IL:4,0,0,0,0,0,95,1555,0,0,0,0,280,0,0,0,0,0,180,315,0,0,0,0,0,0,0,0,0,15,45,0,0,0,0
2014,IL,MF,IL:5,0,0,150,0,0,0,17950,1000,0,0,2550,0,11250,0,0,19250,0,19440,10,0,0,500,100,0,100,0,0,0,0,401,0,0,0,0
2014,IN,MF,IN:1,18,7,0,0,0,4,4924,0,0,0,25,97,0,0,0,0,0,1502,83,0,0,2,0,0,1,1,5,0,0,124,92,0,0,0
2014,IN,MF,IN:2,441,693,8,0,0,240,35075,148,0,0,491,729,970,4,0,1216,0,21949,222,0,0,31,26,83,273,53,203,353,0,77,559,0,0,0
2014,IN,MF,IN:3,6,163,0,0,0,27,226,10,0,0,39,35,0,0,0,23,0,214,8,0,0,0,2,18,3,1,0,7,3,0,0,0,0,0
2014,IN,MF,IN:4,150,0,0,0,0,0,289,0,0,0,40,18,20,0,0,150,0,2027,3,0,0,0,0,0,6,0,0,10,0,126,0,0,0,0
2014,KY,MF,KY:1,186,3375,377,0,0,16,12208,173,0,0,3010,232,1950,1550,0,11560,0,79344,40,0,0,145,10,20,2250,5,0,3330,0,32,0,0,14,0
2014,KY,MF,KY:2,1719,187,0,0,0,177,17123,400,0,0,608,69,0,50,0,19,2,9696,279,0,0,23,0,23,321,7,0,245,4,4,0,0,0,0
2014,KY,MF,KY:3,499,135,0,0,0,663,1296,0,0,0,47,50,0,0,0,3,0,2318,0,0,0,0,0,4,230,265,8476,9,0,12,0,0,0,0
2014,LA,MF,LA:1,0,15991,0,0,0,29,0,1394,0,0,6999,0,0,2491,0,0,0,7462,0,0,0,531,1463,0,3918,18,0,188,0,0,0,0,88,0
2014,LA,MF,LA:2,0,45194,1755,430,0,0,0,58230,0,0,55143,0,60998,58310,0,419039,0,95839,218,0,4,80050,59643,0,33864,105,20,585,0,0,0,250,677,0
2014,LA,MF,LA:3,0,503242,8564,16863,0,35,0,4563,0,0,606616,0,54978,371911,0,357855,0,138165,210,0,25696,124542,347759,0,244339,0,14853,21657,0,0,0,7700,2,0
2014,LA,MF,LA:4,0,857351,5089,12286,0,9889,10,11705,0,0,338516,0,569,229705,0,3765,0,15340,4896,0,24358,73500,10323,0,126934,360,0,803211,0,0,0,0,0,0
2014,MI,MF,MI:1,0,0,0,0,0,30,0,0,0,0,0,60,0,0,0,0,0,80,0,0,0,0,0,0,0,0,0,0,0,35,130,0,0,0
2014,MI,MF,MI:2,0,0,0,0,0,53,0,0,0,0,0,28,0,0,0,0,12,452,142,0,0,0,0,0,0,0,0,0,0,246,0,0,0,0
2014,MI,MF,MI:3,118,0,0,0,0,545,180,0,0,0,75,1372,0,0,0,0,785,1294,3570,0,0,3,0,6300,0,0,0,158,310,386,3,0,0,0
2014,MI,MF,MI:4,0,0,0,0,0,0,5,0,0,0,0,420,0,0,0,0,0,385,380,0,0,0,0,0,135,0,0,0,0,39,0,0,0,0
2014,MI,MF,MI:5,500,0,0,0,0,238,14843,15,0,0,0,730,0,0,0,0,8350,8724,552,0,0,0,0,120,0,0,0,362,20,407,0,0,0,0
2014,MI,MF,MI:6,30,0,0,0,0,3,7137,0,0,0,0,158,0,0,0,0,15,593,92,0,0,0,0,0,0,0,0,6,0,207,0,0,0,0
2014,MI,MF,MI:7,770,0,0,0,0,0,2740,36082,0,0,0,749,0,0,0,0,61,9012,11695,0,0,0,0,2480,0,0,0,3655,0,3015,6,0,0,0
2014,MN,MF,MN:1,0,0,0,0,0,0,6,0,0,0,0,15,0,0,0,0,0,329,20,0,0,0,0,0,0,0,0,0,0,472,0,0,0,0
2014,MN,MF,MN:2,0,0,0,0,0,0,0,0,0,0,0,0,0,0,0,0,0,0,0,0,0,0,0,0,0,0,0,0,0,0,0,0,0,0
2014,MN,MF,MN:3,2,0,0,0,0,0,785,0,0,0,0,287,0,0,0,0,0,2781,728,0,0,0,0,1,0,0,0,3,0,173,0,0,1,0
2014,MN,MF,MN:4,2,1,0,0,0,2,4562,0,0,0,86,551,0,0,0,0,0,11089,114,0,0,0,2,0,78,0,0,0,0,1963,0,0,0,0
2014,MO,MF,MO:1,0,0,0,0,0,0,16056,0,0,0,0,344,0,0,0,3500,0,78845,247,0,0,0,0,0,0,0,0,0,0,26,0,0,0,0
2014,MO,MF,MO:2,0,0,0,0,0,96,127197,17,0,0,28,236,0,0,0,122031,0,62212,2755,0,0,0,4,20,0,0,10,17,0,376,48,0,0,0
2014,MO,MF,MO:3,0,321,49,28,0,186,53532,71,0,0,2579,831,339,44,0,40139,0,14347,3053,0,0,5,106,7,330,0,0,244,0,64,812,0,41,0
2014,MO,MF,MO:4,1,0,3,0,0,19,11312,784,0,0,22,797,2,0,0,1,0,2827,69,0,0,0,167,3,2,13,0,19,0,55,166,0,0,0
2014,MO,MF,MO:5,23,0,2652,0,0,17,3955,0,0,0,14276,14,23487,7085,0,246814,0,146472,140,0,0,23648,20009,6,767,0,0,9,0,41,8457,0,10,0
2014,MS,MF,MS:1,0,35000,12098,1479,0,1793,180,8440,0,0,256800,0,3912,90975,0,127000,0,313851,8100,0,0,101111,263208,5720,49145,53704,0,73087,0,4,0,0,16511,0
2014,MS,MF,MS:2,0,965,125,11,0,100,547,300,0,0,467,0,0,859,0,0,0,11394,3153,0,0,1676,458,200,600,75,0,500,0,0,2826,0,2510,0
2014,OH,MF,OH:1,1452,387,34,0,0,176,60932,613,0,0,152,14,0,2,0,1,0,8656,313,0,0,15,0,64,191,60,0,8676,1,934,32,0,0,0
2014,OH,MF,OH:2,488,27,9,0,0,13,18575,197,0,0,9,33,0,0,0,0,0,3882,146,0,0,8,3,133,77,10,0,30,0,69,15,0,5,0
2014,OH,MF,OH:3,5392,425,234,1,0,26,107461,64,0,0,198,95,9,4,0,9,0,42777,345,0,0,14,89,472,772,37,0,25,0,106,3759,0,3,0
2014,TN,MF,TN:1,340,390,4655,0,0,75,533,5104,0,0,33861,42,4195,8207,0,35768,0,325688,128,0,0,34100,9170,640,19575,178,3300,1588,0,0,0,0,928,0
2014,TN,MF,TN:2,5513,614,8979,0,0,560,20979,2120,0,0,29648,511,2600,9660,0,8,0,172230,1138,0,0,9310,260,5,13600,1530,14,2300,0,6,0,0,11,0
2014,TN,MF,TN:3,703,382,181,409,0,67,1913,21,0,0,1192,152,0,33,0,0,0,11949,9,0,0,23,14,67,368,161,22580,244,28,0,0,0,27,0
2014,WI,MF,WI:1,0,0,0,0,0,0,1452,0,0,0,0,353,0,0,0,0,0,610,51,0,0,0,0,0,0,0,0,0,1,304,11,0,2,0
2014,WI,MF,WI:2,20,0,4,0,0,2,4771,0,0,0,8,1005,0,2,0,0,1,2860,1313,0,0,0,0,1,1,1,0,3,0,141,0,0,1,0
2014,WI,MF,WI:3,31,6,1,0,0,3,12984,0,0,0,0,3476,0,0,0,2,0,10009,886,0,0,0,245,1,1,0,0,0,0,29,20,0,0,0
2014,WI,MF,WI:4,132,0,1,0,0,31,4095,0,0,0,0,6852,0,0,0,0,692,5992,453,0,0,0,0,0,3,1,0,10302,0,249,40,0,1,0
2013,AL,MF,AL:1,529,32377,7997,0,0,338,1003,816,0,0,29940,1071,120,2603,0,3652,0,27923,963,0,0,3559,1448,312,6530,185,12382,3666,0,0,2091,0,281,0
2013,AL,MF,AL:2,0,0,0,0,0,0,0,0,0,0,0,0,0,0,0,0,0,0,0,0,0,0,0,0,0,0,0,0,0,0,0,0,0,0
2013,AL,MF,AL:3,0,4889,0,25,0,223,45,10,0,0,2402,0,0,175,0,0,0,30,0,0,13,10,140,130,0,0,0,580,0,0,50,0,2,0
2013,AL,MF,AL:4,0,200,150,100,0,0,0,0,0,0,275,0,0,0,0,0,0,1200,80,0,0,0,0,0,100,0,0,0,0,0,0,0,450,0
2013,AR,MF,AR:0,0,0,671,0,0,679,3898,756,0,0,64673,0,78877,44296,0,912608,0,451763,1641,0,0,32376,49168,0,16185,0,0,1967,0,0,0,0,1294,0
2013,AR,MF,AR:1,0,0,25,0,0,650,200,100,0,0,6680,0,125,4215,0,1330,0,24700,0,0,0,2060,395,0,775,0,0,10,0,0,0,0,0,0
2013,IA,MF,IA:1,1,0,15,0,0,50,10348,4613,0,0,29,2616,0,0,0,75,0,1096,194,0,0,2,3,0,150,0,0,1100,0,57,20,0,0,0
2013,IA,MF,IA:2,0,28,0,0,0,0,21572,20,0,0,0,132,13,0,0,45,0,13563,54,0,0,11,300,35,30,0,0,4,0,28,0,0,0,0
2013,IA,MF,IA:3,0,0,0,0,0,8,145860,23,0,0,170,30,0,0,0,16,0,36015,4,0,0,0,0,10,4,0,0,0,0,129,7,0,32,0
2013,IA,MF,IA:4,0,2,0,0,0,0,35220,0,0,0,0,25,0,0,0,1,0,3451,1,0,0,0,0,0,0,0,0,1,0,43,0,0,0,0
2013,IA,MF,IA:5,0,0,3,0,0,0,39742,0,0,0,70,4,3,0,0,1,0,14069,1,0,0,0,0,2,2,0,0,1,0,111,0,0,1,0
2013,IL,MF,IL:1,0,30,100,0,0,3,11915,41695,0,0,170,9280,800,200,0,100,0,152685,4845,0,0,0,0,0,550,80,0,9000,0,6,0,0,0,0
2013,IL,MF,IL:2,310,813,0,0,0,75,114500,530,0,0,25,4237,10130,0,0,200,0,133267,4850,0,0,0,150,0,1800,200,0,550,0,326,0,0,0,0
2013,IL,MF,IL:3,0,0,1063,0,0,0,14525,1062,0,0,4870,0,3850,2125,0,17425,0,20692,0,0,0,1932,0,0,1370,0,0,3555,0,196,16305,0,0,0
2013,IL,MF,IL:4,0,0,0,0,0,5,10820,0,0,0,0,40,0,0,0,0,0,921,1,0,0,0,0,0,0,0,0,0,0,18,0,0,0,0
2013,IL,MF,IL:5,1020,0,1020,0,0,0,1025,0,0,0,4480,0,19450,0,0,26800,0,14460,0,0,0,1730,0,0,1020,0,0,0,0,152,3770,0,0,0
2013,IN,MF,IN:1,216,3565,37,0,0,281,13343,112,0,0,55,280,6,2,0,5,0,18474,199,0,0,21,73,82,90,27,18731,136,0,299,7,0,7,0
2013,IN,MF,IN:2,1323,5404,175,4,0,174,19433,20,0,0,2513,1278,36,274,0,3502,0,21444,792,0,0,127,257,48,663,6,4589,439,0,125,1938,0,40,0
2013,IN,MF,IN:3,9,163,2,0,0,11,81,0,0,0,148,17,0,34,0,2,0,284,9,0,0,7,25,0,1,0,0,21,0,0,0,0,0,0
2013,IN,MF,IN:4,47,0,35,0,0,17,4,0,0,0,224,40,0,60,0,0,0,1803,32,0,0,4,3,0,0,0,0,0,0,0,8,0,0,0
2013,KY,MF,KY:1,58,1710,310,0,0,5,1987,195,0,0,3582,855,11495,1195,0,22950,0,99076,0,0,0,210,505,0,2315,0,0,1605,0,119,0,0,75,0
2013,KY,MF,KY:2,592,200,0,0,0,20,4556,10,0,0,160,0,0,25,0,2,0,2578,415,0,0,0,0,6,0,0,12,3,0,0,20,0,4,0
2013,KY,MF,KY:3,285,722,0,0,0,135,632,0,0,0,75,20,0,0,0,0,0,1411,25,0,0,0,0,0,320,65,6407,34,0,7,8,0,8,0
2013,LA,MF,LA:1,2,13575,215,62,0,62,0,191,0,0,7357,0,0,9032,0,500,0,14518,3,0,0,7491,1845,0,7370,0,0,2475,0,0,25,27,51,0
2013,LA,MF,LA:2,0,13902,2455,477,0,0,0,37372,0,0,51928,0,27334,110887,0,201730,0,122244,43,0,10,64326,33466,0,31280,2,25,464,0,0,4,0,2534,0
2013,LA,MF,LA:3,0,301633,6824,35100,0,1470,97,5265,0,0,469128,0,50914,389544,0,284477,0,176528,2800,0,27812,82667,384748,140,149420,35,580,139844,0,0,0,24325,140,0
2013,LA,MF,LA:4,0,508391,4216,20574,0,2160,0,45582,0,0,274256,0,973,193487,0,4283,0,4290,1382,0,23246,10323,16721,576,40930,3744,0,87865,0,0,0,0,12,0
2013,MI,MF,MI:1,0,0,0,0,0,0,0,0,0,0,0,0,0,0,0,0,0,0,0,0,0,0,0,0,0,0,0,0,0,0,0,0,0,0
2013,MI,MF,MI:2,0,0,0,0,0,0,0,0,0,0,0,0,0,0,0,0,0,0,0,0,0,0,0,0,0,0,0,0,0,0,0,0,0,0
2013,MI,MF,MI:3,0,0,0,0,0,0,0,0,0,0,0,0,0,0,0,0,0,0,0,0,0,0,0,0,0,0,0,0,0,0,0,0,0,0
2013,MI,MF,MI:4,0,0,0,0,0,0,0,0,0,0,0,0,0,0,0,0,0,0,0,0,0,0,0,0,0,0,0,0,0,0,0,0,0,0
2013,MI,MF,MI:5,0,0,0,0,0,0,0,0,0,0,0,0,0,0,0,0,0,0,0,0,0,0,0,0,0,0,0,0,0,0,0,0,0,0
2013,MI,MF,MI:6,0,0,0,0,0,0,0,0,0,0,0,0,0,0,0,0,0,0,0,0,0,0,0,0,0,0,0,0,0,0,0,0,0,0
2013,MI,MF,MI:7,0,0,0,0,0,0,0,0,0,0,0,0,0,0,0,0,0,0,0,0,0,0,0,0,0,0,0,0,0,0,0,0,0,0
2013,MN,MF,MN:1,1,0,0,0,0,0,46,0,0,0,0,0,0,0,0,0,0,295,10,0,0,0,0,0,0,0,0,0,0,307,0,0,0,0
2013,MN,MF,MN:2,0,0,0,0,0,0,0,0,0,0,0,0,0,0,0,0,0,0,0,0,0,0,0,0,0,0,0,0,0,0,0,0,0,0
2013,MN,MF,MN:3,3,1,0,0,0,0,1417,0,0,0,119,440,0,0,0,0,0,5038,701,0,0,0,0,0,1,0,0,2,0,144,0,0,2,0
2013,MN,MF,MN:4,1,20,1,0,0,0,13621,0,0,0,49,332,0,0,0,0,0,7869,24,0,0,0,0,0,52,0,0,0,0,1230,0,0,0,0
2013,MO,MF,MO:1,1,41,0,0,0,0,16476,0,0,0,15,148,1,10,0,10066,0,97498,874,0,0,1,15,0,5,0,0,21,0,274,250,0,0,0
2013,MO,MF,MO:2,6,635,120,1,0,49,92387,87,0,0,299,362,110,910,0,11359,0,199310,1756,0,0,4,126,4,422,5,4,115,0,249,766,0,28,0
2013,MO,MF,MO:3,4,568,137,10,0,72,31513,86,0,0,4597,459,70,665,0,4894,0,84751,1307,0,0,94,467,18,363,0,0,138,0,48,1094,0,97,0
2013,MO,MF,MO:4,1,8,17,35,0,10,9404,0,0,0,40,9,1000,26,0,50,0,47544,55,0,0,66,146,0,0,12,0,30,0,278,426,0,18,0
2013,MO,MF,MO:5,976,996,2118,13,0,0,2792,76,0,0,10241,0,27105,18145,0,2318383,0,101508,300,0,0,24089,15409,44,2761,25,0,94,0,6,40,0,135,0
2013,MS,MF,MS:1,0,28400,10430,1432,0,1008,160,1649,0,0,40093,0,1406,65700,0,110800,0,146880,4200,0,0,31455,124092,4567,33084,6866,250,23919,0,0,0,0,5399,0
2013,MS,MF,MS:2,0,905,10,50,0,45,79,8,0,0,355,0,0,25,0,1,0,3815,1450,0,0,427,553,10,335,0,8,395,0,0,260,0,125,0
2013,OH,MF,OH:1,5714,583,82,6,0,88,55271,36,0,0,328,583,0,2,0,3,3,46599,4612,0,0,22,165,46,213,938,0,22296,0,751,1072,0,3,0
2013,OH,MF,OH:2,298,146,21,5,0,62,12146,20,0,0,57,0,0,26,0,0,0,4563,339,0,0,1,2,6,107,42,0,12,0,28,111,0,13,0
2013,OH,MF,OH:3,1685,345,133,3,0,28,67194,21,0,0,111,5,6,24,0,15,0,26418,96,0,0,10,104,323,819,1,0,144,0,74,1163,0,6,0
2013,TN,MF,TN:1,116,770,4167,0,0,180,4780,1,0,0,15445,210,9052,16687,0,22950,0,389857,27,0,0,10399,5725,110,5314,12,3450,757,0,0,0,0,755,0
2013,TN,MF,TN:2,2341,20587,6142,0,0,616,5935,1557,0,0,26828,239,1190,33518,0,82,0,123972,677,0,0,13300,2013,63,14099,1430,36,2035,0,0,0,0,605,0
2013,TN,MF,TN:3,2070,598,101,51,0,56,2194,2,0,0,478,0,0,135,0,0,0,13076,10,0,0,14,24,0,141,0,14585,12,0,0,600,0,17,0
2013,WI,MF,WI:1,25,1,0,0,0,1,1457,0,0,0,0,80,0,0,0,0,0,701,24,0,0,0,0,0,0,0,0,0,0,390,0,0,4,0
2013,WI,MF,WI:2,6,0,0,0,0,117,7396,13,0,0,118,559,0,5,0,0,0,3463,614,0,0,1,0,12,0,0,0,1,0,352,4400,0,1,0
2013,WI,MF,WI:3,51,20530,7,0,0,3533,43271,76,0,0,0,3684,0,0,0,4,0,15358,4773,0,0,0,364,0,0,0,0,0,0,761,181,0,0,0
2013,WI,MF,WI:4,73,74,0,0,0,105,8179,3,0,0,4,14912,0,0,0,0,8,5915,2154,0,0,0,0,5,0,3,0,19422,26,296,20,0,3,0
2012,AL,MF,AL:1,758,38610,7886,0,0,589,725,578,0,0,28571,750,86,1045,0,352,0,19089,710,0,0,3291,1690,178,7551,277,8069,1964,0,0,949,0,629,0
2012,AL,MF,AL:2,0,0,0,0,0,0,0,0,0,0,0,0,0,0,0,0,0,0,0,0,0,0,0,0,0,0,0,0,0,0,0,0,0,0
2012,AL,MF,AL:3,0,4607,0,50,0,78,37,0,0,0,2237,0,0,0,0,0,0,0,0,0,2,12,95,105,0,0,0,123,0,0,55,0,0,0
2012,AL,MF,AL:4,0,0,0,100,0,0,0,0,0,0,250,0,0,50,0,0,0,600,40,0,0,0,0,0,75,0,0,0,0,0,0,0,800,0
2012,AR,MF,AR:0,83,0,0,0,0,1551,2446,1345,0,0,122173,0,147780,102123,0,1488015,0,753979,941,0,0,35412,57745,0,40422,0,0,614,0,140,0,0,485,0
2012,AR,MF,AR:1,0,1342,510,0,0,100,353,0,0,0,4085,0,0,350,0,0,0,8329,0,0,0,0,400,0,275,0,0,2670,0,13,0,0,30,0
2012,IA,MF,IA:1,2,6,5,0,0,0,14540,2544,0,0,16,3573,0,0,0,4,0,3984,0,0,0,6,0,4,150,0,0,270,0,3792,1028,0,0,0
2012,IA,MF,IA:2,0,387,0,0,0,10,38989,70,0,0,1,363,239,2,0,79,0,16425,0,0,0,1,150,22,356,4,0,1,0,28,0,0,0,0
2012,IA,MF,IA:3,0,0,0,0,0,20,90352,155,0,0,0,356,10,0,0,1,0,18722,0,0,0,2,0,0,120,6,0,7,0,95,5,0,50,0
2012,IA,MF,IA:4,0,0,0,0,0,1,60512,7,0,0,0,42,0,0,0,1,0,7164,0,0,0,0,0,0,1,2,0,12,0,95,0,0,0,0
2012,IA,MF,IA:5,0,0,0,0,0,5,74854,0,0,0,0,0,0,0,0,8,0,3197,0,0,0,0,0,0,0,0,0,6,0,235,0,0,0,0
2012,IL,MF,IL:1,0,100,2,0,0,1460,6265,84380,0,0,5100,5203,6950,1550,0,210,0,167380,10820,0,0,500,0,0,2500,530,0,8420,0,1912,0,0,0,0
2012,IL,MF,IL:2,735,1611,0,0,0,1705,63345,1400,0,0,1167,2638,15870,4,0,30571,0,82857,5095,0,0,4,0,0,200,1305,0,104,0,338,0,0,0,0
2012,IL,MF,IL:3,16,50,382,0,0,10,6850,470,0,0,4020,16,5875,0,0,29700,0,30773,66,0,0,198,358,30,2555,500,0,795,0,407,5697,0,0,0
2012,IL,MF,IL:4,0,37,0,0,0,0,12205,0,0,0,0,5,0,0,0,0,0,680,15,0,0,0,0,0,0,0,0,0,0,57,0,0,0,0
2012,IL,MF,IL:5,0,0,0,0,0,0,400,0,0,0,3560,0,5200,0,0,44000,0,15440,0,0,0,0,0,0,440,0,0,0,0,64,560,0,0,0
2012,IN,MF,IN:1,1249,2916,65,0,0,37,7890,0,0,0,132,116,41,45,0,0,0,14281,144,0,0,147,20,34,23,32,23104,177,0,225,0,0,25,0
2012,IN,MF,IN:2,1434,15381,30,0,0,206,17312,4,0,0,837,320,2411,375,0,69906,0,35878,322,0,0,538,317,62,549,63,9476,134,0,118,19436,0,50,0
2012,IN,MF,IN:3,0,0,0,0,0,0,111,0,0,0,0,0,0,0,0,0,0,55,0,0,0,0,0,0,0,0,0,0,0,0,25,0,0,0
2012,IN,MF,IN:4,220,30,0,0,0,0,35,0,0,0,56,4,0,40,0,0,0,5530,0,0,0,12,8,0,25,0,0,9,0,0,200,0,0,0
2012,KY,MF,KY:1,47,225,300,0,0,45,1724,45,0,0,2315,70,5820,0,0,4450,0,69423,0,0,0,1800,110,0,3785,20,45,1130,0,115,0,0,0,0
2012,KY,MF,KY:2,1376,261,0,0,0,328,4827,446,0,0,962,3,0,24,0,3,0,4465,511,0,0,0,15,50,74,20,362,250,35,0,12,0,0,0
2012,KY,MF,KY:3,409,1255,20,0,0,84,948,5,0,0,98,7,0,0,0,0,0,2135,0,0,0,0,0,0,2,195,18,84,0,0,37,0,3,0
2012,LA,MF,LA:1,0,36671,2129,495,0,83,0,1424,0,0,11061,0,50,13230,0,0,0,8232,10,0,0,6543,6566,0,7075,25,0,612,0,0,0,0,78,0
2012,LA,MF,LA:2,0,8397,100,878,0,0,154,83863,0,0,37042,0,31928,89229,0,411629,0,89927,19,0,15,36434,20859,5500,25968,156,0,4279,0,0,0,0,2590,0
2012,LA,MF,LA:3,0,182496,5792,15449,0,350,0,0,0,0,389982,70,68457,271339,0,318545,0,82595,4445,0,27918,50253,310190,0,16818,0,25,15620,0,0,0,2030,420,0
2012,LA,MF,LA:4,0,2646511,15124,71984,0,8026,0,57737,0,0,477862,146,4880,225427,0,7390,0,21148,9670,0,38182,54441,20831,6974,370445,2492,0,486129,0,0,0,0,2,0
2012,MI,MF,MI:1,0,0,0,0,0,0,0,0,0,0,0,0,0,0,0,0,0,0,0,0,0,0,0,0,0,0,0,0,0,0,0,0,0,0
2012,MI,MF,MI:2,0,0,0,0,0,0,0,0,0,0,0,0,0,0,0,0,0,0,0,0,0,0,0,0,0,0,0,0,0,0,0,0,0,0
2012,MI,MF,MI:3,0,0,0,0,0,0,0,0,0,0,0,0,0,0,0,0,0,0,0,0,0,0,0,0,0,0,0,0,0,0,0,0,0,0
2012,MI,MF,MI:4,0,0,0,0,0,0,0,0,0,0,0,0,0,0,0,0,0,0,0,0,0,0,0,0,0,0,0,0,0,0,0,0,0,0
2012,MI,MF,MI:5,0,0,0,0,0,0,0,0,0,0,0,0,0,0,0,0,0,0,0,0,0,0,0,0,0,0,0,0,0,0,0,0,0,0
2012,MI,MF,MI:6,0,0,0,0,0,0,0,0,0,0,0,0,0,0,0,0,0,0,0,0,0,0,0,0,0,0,0,0,0,0,0,0,0,0
2012,MI,MF,MI:7,0,0,0,0,0,0,0,0,0,0,0,0,0,0,0,0,0,0,0,0,0,0,0,0,0,0,0,0,0,0,0,0,0,0
2012,MN,MF,MN:1,1,0,0,0,0,0,927,0,0,0,0,0,0,0,0,0,0,331,18,0,0,0,0,0,0,0,0,0,0,742,0,0,0,0
2012,MN,MF,MN:2,0,0,0,0,0,0,0,0,0,0,0,0,0,0,0,0,0,0,0,0,0,0,0,0,0,0,0,0,0,0,0,0,0,0
2012,MN,MF,MN:3,5,0,0,1,0,0,7981,0,0,0,0,626,0,0,0,0,1,8035,6159,0,0,15,0,0,0,0,0,15,0,179,4,0,2,0
2012,MN,MF,MN:4,7,25,0,0,0,0,167582,2,0,0,64,380,0,0,0,2,0,14659,64,0,0,0,0,0,75,0,0,0,0,156,1,0,0,0
2012,MO,MF,MO:1,0,59,0,0,0,1,26952,0,0,0,3,459,6359,0,0,138771,0,78799,28,0,0,0,269,0,43,74,0,0,0,196,1192,0,0,0
2012,MO,MF,MO:2,0,644,82,0,0,4,33482,14,0,0,213,256,1850,5927,0,64912,0,121987,506,0,0,0,175,0,97,0,0,19,0,121,2573,0,2,0
2012,MO,MF,MO:3,0,1381,68,0,0,22,14561,118,0,0,3098,347,123,3116,0,79894,0,194168,268,0,0,35,267,10,1718,15,1,177,0,15,7668,0,136,0
2012,MO,MF,MO:4,0,63,0,20,0,1,4101,0,0,0,194,10,150,19,0,372,0,3273,8,0,0,40,79,3,0,0,0,50,0,49,1275,0,23,0
2012,MO,MF,MO:5,809,22268,8265,66,0,561,3749,1557,0,0,42126,37,65434,21572,0,489550,0,94574,946,0,0,34400,18893,24,23736,16,0,3102,0,42,33,0,330,0
2012,MS,MF,MS:1,0,20014,4568,0,0,7934,468,4168,0,0,46209,0,11975,47461,0,221000,0,215268,5200,0,0,66670,171528,3041,2164,33340,0,41873,0,0,0,0,4395,0
2012,MS,MF,MS:2,0,181,10,0,0,19,187,0,0,0,240,0,830,610,0,102,0,5111,843,0,0,53,123,0,192,0,0,1,0,0,152,0,1881,0
2012,OH,MF,OH:1,8572,1520,186,13,0,64,63157,148,0,0,766,13,3,5,0,7,0,43001,14477,0,0,54,244,123,388,123,2,12624,0,2291,246,0,0,0
2012,OH,MF,OH:2,256,925,4,12,0,44,9793,1,0,0,130,13,0,22,0,0,0,3335,269,0,0,1,12,41,100,51,0,41,0,9,105,0,12,0
2012,OH,MF,OH:3,877,246,22,0,0,11,30614,46,0,0,161,7,0,16,0,7,0,12775,115,0,0,8,51,81,382,127,25,105,0,44,133,0,0,0
2012,TN,MF,TN:1,52,1900,22645,0,0,1400,723,325,0,0,19750,8,9310,24675,0,5275,0,375938,33,0,0,69225,22760,400,11650,1,2812,1200,0,0,0,0,222,0
2012,TN,MF,TN:2,2175,4277,6053,0,0,750,5693,118,0,0,29136,200,1080,22805,0,34,0,121949,1853,0,0,8006,12690,0,14242,2104,20,1598,0,0,0,0,148,0
2012,TN,MF,TN:3,3151,4864,585,0,0,111,2079,25,0,0,320,0,0,113,0,3,0,14019,4,0,0,172,218,74,395,0,286,967,50,0,92,0,195,0
2012,WI,MF,WI:1,9,0,0,0,0,0,8312,0,0,0,0,231,0,0,0,0,0,1501,37,0,0,0,0,0,0,0,0,0,0,451,0,0,1,0
2012,WI,MF,WI:2,12,0,0,0,0,435,27362,60,0,0,5,2160,0,0,0,0,0,8541,19577,0,0,0,0,0,1,0,0,11,0,4459,2100,0,4,0
2012,WI,MF,WI:3,60,1912,102,3,0,3381,90560,0,0,0,0,4081,0,0,0,0,0,15851,4823,0,0,0,5,306,2,9,189,7,0,50,55,0,1,0
2012,WI,MF,WI:4,468,24,0,0,0,735,43870,0,0,0,3,12909,0,2,1,2,50,13588,5165,0,0,1,0,2,2950,0,0,20273,4,681,0,0,0,0
2011,AL,MF,AL:1,775,45872,3923,0,0,564,1364,1623,0,0,25990,600,80,2450,0,2263,0,24678,352,0,0,1610,1621,354,3981,106,9077,1629,0,0,2200,0,344,0
2011,AL,MF,AL:2,0,0,0,0,0,0,0,0,0,0,0,0,0,0,0,0,0,0,0,0,0,0,0,0,0,0,0,0,0,0,0,0,0,0
2011,AL,MF,AL:3,0,3400,0,0,0,100,8,0,0,0,1351,0,0,96,0,0,0,3,0,0,12,0,0,0,0,0,0,148,0,0,0,0,0,0
2011,AL,MF,AL:4,2,3097,635,250,0,7,37,2,0,0,1225,0,0,340,0,0,0,4799,226,0,0,10,0,10,565,0,0,0,0,0,0,0,3113,0
2011,AR,MF,AR:0,0,0,0,0,0,18715,9546,8520,0,0,183919,0,42630,45609,0,74760,0,671982,0,0,0,55534,70608,0,81388,0,0,7130,0,0,0,0,6483,0
2011,AR,MF,AR:1,0,2060,1150,0,0,555,1082,1026,0,0,11934,0,200,3352,0,3100,0,51345,0,0,0,2415,2785,25,2550,0,0,18,0,39,0,0,350,0
2011,IA,MF,IA:1,0,0,0,0,0,0,4392,207,0,0,0,2619,0,0,0,0,0,597,373,0,0,0,1,0,2,0,0,23,0,20,1,0,0,0
2011,IA,MF,IA:2,1,0,0,0,0,0,38157,0,0,0,5,232,0,0,0,9,0,12780,75,0,0,1,1,0,2,6,0,0,0,51,0,0,0,0
2011,IA,MF,IA:3,0,2,0,0,0,1,107540,0,0,0,20,11,0,0,0,1,0,10264,102,0,0,0,50,0,100,0,0,65,0,41,26,0,0,0
2011,IA,MF,IA:4,0,0,0,0,0,0,8313,0,0,0,0,46,0,0,0,0,0,6591,3,0,0,0,0,0,0,0,0,0,0,36,1,0,0,0
2011,IA,MF,IA:5,0,3,0,0,0,0,9635,0,0,0,0,15,0,0,0,0,0,1722,1,0,0,0,0,1,0,0,0,1,0,135,0,0,0,0
2011,IL,MF,IL:1,553,0,0,0,0,200,16365,125,0,0,50,1955,0,0,0,410,0,93750,4575,0,0,2000,0,0,1000,0,0,700,0,0,0,0,2,0
2011,IL,MF,IL:2,300,0,0,0,0,50,51610,0,0,0,72,1781,2275,0,0,15,0,23809,3215,0,0,0,0,0,110,14,0,2,0,175,30,0,0,0
2011,IL,MF,IL:3,22,50,30,0,0,16,29525,935,0,0,3302,2,5300,0,0,4525,0,25440,94,0,0,360,0,0,1425,0,0,345,0,17,7770,0,0,0
2011,IL,MF,IL:4,0,0,0,0,0,0,262,0,0,0,0,131,0,0,0,0,0,330,0,0,0,1,0,0,0,0,0,0,0,64,0,0,0,0
2011,IL,MF,IL:5,0,0,0,0,0,0,11750,0,0,0,0,0,12900,0,0,33000,0,19567,0,0,0,0,3,0,1,0,0,0,0,214,4290,0,0,0
2011,IN,MF,IN:1,572,829,35,0,0,27,13671,1,0,0,16,208,3,1,0,3,0,14057,89,0,0,84,0,33,148,16,16251,127,2,379,0,0,116,0
2011,IN,MF,IN:2,187,1055,82,0,0,140,18554,4,0,0,208,175,1086,31,0,47060,0,41765,899,0,0,63,46,33,413,68,140,47,0,40,27,0,0,0
2011,IN,MF,IN:3,6,63,0,0,0,15,295,0,0,0,124,8,0,53,0,0,0,182,19,0,0,0,15,0,38,1,0,1,1,0,0,0,1,0
2011,IN,MF,IN:4,0,0,0,0,0,0,0,0,0,0,0,0,0,0,0,0,0,0,0,0,0,0,0,0,0,0,0,0,0,0,0,0,0,0
2011,KY,MF,KY:1,87,260,120,0,0,59,3013,50,0,0,1540,75,4252,190,0,16171,0,69532,0,0,0,0,0,12,1375,10,50,255,0,105,0,0,0,0
2011,KY,MF,KY:2,331,200,0,0,0,149,3201,51,0,0,458,6,0,0,0,12,2,1520,52,0,0,0,0,40,0,0,0,0,0,2,0,0,0,0
2011,KY,MF,KY:3,146,853,10,0,0,85,677,0,0,0,90,13,0,0,0,22,0,877,24,0,0,0,2,0,57,16,3394,0,0,8,118,0,7,0
2011,LA,MF,LA:1,0,21850,475,0,0,0,0,1625,0,0,7275,0,0,3375,0,0,0,4630,0,0,0,150,2810,0,1510,0,0,50,0,0,0,0,735,0
2011,LA,MF,LA:2,0,24920,3045,1941,0,12,335,26305,0,0,33953,0,38573,36604,0,225355,0,59567,24,0,79,62439,21065,0,48495,64,0,620,0,0,3550,0,67606,0
2011,LA,MF,LA:3,0,541333,18518,56753,0,140,210,7196,0,0,518776,0,84242,441190,0,295768,0,169439,3535,0,42941,79563,302642,0,65517,353,0,64163,0,0,0,15925,1881,0
2011,LA,MF,LA:4,0,1487716,4726,64267,0,5183,0,8579,0,0,592093,292,2870,244680,0,19350,0,18030,8833,0,44210,103598,36205,0,200288,219,0,393154,0,0,0,0,0,0
2011,MI,MF,MI:1,0,0,0,0,0,0,0,0,0,0,0,30,0,0,0,0,0,12,10,0,0,0,0,0,0,0,0,0,0,12,0,0,0,0
2011,MI,MF,MI:2,0,0,0,0,0,1,0,0,0,0,0,118,0,0,0,0,0,529,12,0,0,0,0,0,0,0,0,10,0,186,0,0,0,0
2011,MI,MF,MI:3,169,0,0,0,0,687,3103,1,0,0,56,2235,0,0,0,0,153,4432,4340,0,0,1,0,0,30,0,0,48,2445,1047,3150,0,0,0
2011,MI,MF,MI:4,170,55,0,0,0,30,1905,0,0,0,0,270,0,0,0,0,0,2213,205,0,0,0,0,0,130,0,0,0,0,45,200,0,0,0
2011,MI,MF,MI:5,25,929,0,0,0,145,20949,13,0,0,0,374,0,1,0,0,60,9417,418,0,0,0,20,143,0,0,0,651,100,357,84,0,7,0
2011,MI,MF,MI:6,7,4,0,0,0,0,7511,0,0,0,0,20,0,0,0,0,0,1979,22,0,0,0,0,13,0,0,0,20,0,391,15,0,0,0
2011,MI,MF,MI:7,0,0,0,0,0,0,0,0,0,0,0,0,0,0,0,0,0,0,0,0,0,0,0,0,0,0,0,0,0,0,0,0,0,0
2011,MN,MF,MN:1,0,0,0,0,0,0,86,0,0,0,0,3,0,0,0,0,0,363,4,0,0,0,0,0,0,0,0,1,0,516,0,0,0,0
2011,MN,MF,MN:2,33,0,0,0,0,1,31,0,0,0,0,528,0,0,0,0,0,1129,10,0,0,0,0,0,0,0,0,0,0,0,0,0,0,0
2011,MN,MF,MN:3,14,0,0,0,0,0,782,0,0,0,20,1741,0,0,0,0,0,1096,6388,0,0,0,0,0,0,0,0,0,0,111,0,0,0,0
2011,MN,MF,MN:4,19,0,0,0,0,1,17516,2,0,0,30,328,0,0,0,0,0,16988,41,0,0,0,0,3,15,0,0,10,0,667,0,0,0,0
2011,MO,MF,MO:1,0,0,0,0,0,0,24513,0,0,0,3,146,0,0,0,57026,0,38359,373,0,0,0,1,0,15,0,0,0,0,125,0,0,0,0
2011,MO,MF,MO:2,0,22,0,0,0,83,101309,35,0,0,128,497,0,70,0,127115,0,160827,996,0,0,41,66,0,544,12,0,132,0,76,609,0,4,0
2011,MO,MF,MO:3,200,5186,41,2,0,95,39021,32,0,0,22292,690,0,534,0,130077,0,60021,1570,0,0,246,63,11,3865,1,0,81,0,41,545,0,104,0
2011,MO,MF,MO:4,0,222,3,15,0,8,16163,8,0,0,142,122,140,8,0,10,0,3761,31,0,0,53,5,35,100,0,0,133,0,77,61,0,5,0
2011,MO,MF,MO:5,1442,328,34657,0,0,32,7498,43,0,0,45973,0,31833,21184,0,497748,0,206973,2078,0,0,73087,18860,11,5576,1415,8,465,0,18,4,0,237,0
2011,MS,MF,MS:1,0,39314,6160,414,0,1566,598,6916,0,0,86613,0,14400,44366,0,527700,0,197319,5120,0,0,11293,198831,6707,19573,41584,162,44185,0,0,0,0,4491,0
2011,MS,MF,MS:2,0,4785,22,0,0,357,183,270,0,0,198,90,0,0,0,0,0,59,34,0,0,0,0,110,115,0,0,255,0,6,0,0,22,0
2011,OH,MF,OH:1,1576,182,36,0,0,88,69895,4853,0,0,128,327,0,0,0,9,5,20230,6002,0,0,32,34,250,24,26,0,6163,2,572,87,0,3,0
2011,OH,MF,OH:2,940,87,0,1,0,12,25627,19,0,0,57,2,0,2,0,4,0,8969,4,0,0,8,0,20,143,5,0,0,0,25,296,0,40,0
2011,OH,MF,OH:3,1987,67,6,0,0,11,78096,38,0,0,6,0,6,3,0,24,0,20552,27,0,0,22,6,71,284,5,0,87,0,108,506,0,0,0
2011,TN,MF,TN:1,209,1000,9200,0,0,131,2024,380,0,0,30373,30,4829,9428,0,54740,0,326986,355,0,0,9654,10759,275,8230,25,2000,356,0,0,6300,0,2416,0
2011,TN,MF,TN:2,6147,2500,6755,0,0,1515,14211,3550,0,0,34981,1348,740,13055,0,64,0,201203,2008,0,8,16521,4138,5,13708,2144,5,2147,0,2,1500,0,294,0
2011,TN,MF,TN:3,1347,448,265,425,0,155,2431,15,0,0,107,0,2,64,0,4,0,12650,27,0,0,255,30,2,664,0,14542,54,0,0,550,0,538,0
2011,WI,MF,WI:1,9,0,3,0,0,0,1791,0,0,0,0,72,1,0,0,1,0,1171,9,0,0,0,0,0,0,0,0,5,0,239,0,0,0,0
2011,WI,MF,WI:2,22,1,0,0,0,35,4338,1,0,0,25,2277,0,0,0,0,0,5833,4516,0,0,0,0,0,1,0,0,0,0,320,0,0,1,0
2011,WI,MF,WI:3,51,259,0,0,0,1545,14732,27,0,0,0,2775,0,0,0,0,0,18188,2171,0,0,0,25,1,0,29,0,123,0,58,7,0,0,0
2011,WI,MF,WI:4,278,0,0,0,0,1417,17133,0,0,0,0,19528,0,0,0,4,254,8484,4445,0,0,0,0,52,500,2,0,15511,6,523,8,0,3,0
2010,AL,MF,AL:1,2343,27269,6842,1650,0,1166,977,743,0,0,21291,455,460,235,0,1240,0,13139,1451,0,0,349,688,138,2752,22,5912,1010,0,0,221,0,371,0
2010,AL,MF,AL:2,0,3000,84,39,0,21,7,2,0,0,98,0,0,378,0,0,0,123,5,0,0,0,362,3,873,1,0,65,0,0,2435,0,27,0
2010,AL,MF,AL:3,0,3248,0,0,0,202,4,0,0,0,738,0,0,0,0,0,0,0,0,0,0,0,0,0,0,0,0,289,0,0,0,0,0,0
2010,AL,MF,AL:4,5,275,260,0,0,0,146,0,0,0,919,0,0,45,0,0,0,747,320,0,0,10,100,0,834,0,0,0,0,0,0,0,1301,0
2010,AR,MF,AR:0,82,0,0,0,0,0,2980,26440,0,0,179046,0,84816,101194,0,703273,0,2309453,0,0,0,167540,51634,0,29796,0,0,22108,0,0,0,0,0,0
2010,AR,MF,AR:1,0,2525,1400,0,0,900,2565,515,0,0,23365,300,605,3735,0,6000,0,93405,200,0,0,750,1350,0,0,400,0,0,0,0,0,0,10,0
2010,IA,MF,IA:1,3,0,0,0,0,13,2156,9402,0,0,0,4608,0,0,0,0,0,1079,828,0,0,1,0,58,20,0,0,802,0,9,40,0,0,0
2010,IA,MF,IA:2,0,0,0,0,0,0,937,0,0,0,1,3,0,0,0,0,0,190,0,0,0,0,0,0,0,0,0,0,0,0,0,0,0,0
2010,IA,MF,IA:3,0,0,0,0,0,0,24495,0,0,0,0,9,0,0,0,0,0,1311,0,0,0,0,0,0,0,0,0,0,0,17,20,0,0,0
2010,IA,MF,IA:4,0,0,0,0,0,0,4019,0,0,0,0,1,0,0,0,0,0,1011,0,0,0,0,0,0,0,0,0,0,0,3,0,0,0,0
2010,IA,MF,IA:5,0,0,0,0,0,0,1076,0,0,0,0,0,0,0,0,0,0,2384,0,0,0,0,0,0,1,0,0,0,0,72,0,0,2,0
2010,IL,MF,IL:1,60,0,0,0,0,312,16274,2560,0,0,0,233,150,0,0,4,0,64168,5322,0,0,0,0,0,0,0,0,0,0,0,0,0,0,0
2010,IL,MF,IL:2,225,0,0,0,0,415,52515,0,0,0,7,526,20,2,0,0,0,6180,320,0,0,0,0,0,0,0,0,0,0,191,10,0,3,0
2010,IL,MF,IL:3,0,0,60,0,0,0,51900,385,0,0,500,0,1950,0,0,15700,0,7035,40,0,0,0,40,0,420,0,0,0,0,65,2360,0,0,0
2010,IL,MF,IL:4,0,0,0,0,0,0,876,0,0,0,0,2,0,0,0,0,0,132,0,0,0,0,0,0,0,0,0,0,0,3,0,0,0,0
2010,IL,MF,IL:5,0,0,0,0,0,0,16650,1300,0,0,7060,0,12650,0,0,1800,0,46370,0,0,0,0,0,0,1290,0,0,0,0,180,1580,0,0,0
2010,IN,MF,IN:1,33,66,0,0,0,47,18567,5,0,0,0,60,0,0,0,5,0,1776,478,0,0,0,0,24,35,19,9225,865,0,83,25,0,17,0
2010,IN,MF,IN:2,262,436,0,0,0,67,41337,0,0,0,568,92,45,17,0,351,0,8967,235,0,0,42,174,8,6,14,450,0,0,24,0,0,0,0
2010,IN,MF,IN:3,12,100,0,0,0,6,315,11,0,0,37,2,0,0,0,0,0,480,7,0,0,0,1,0,0,0,0,30,0,0,0,0,0,0
2010,IN,MF,IN:4,18,0,0,0,0,0,34,0,0,0,0,0,0,0,0,0,0,85,0,0,0,0,0,0,0,0,0,0,0,0,0,0,0,0
2010,KY,MF,KY:1,102,2730,0,0,0,54,8013,185,0,0,2390,42,8700,0,0,56352,0,94196,0,0,0,0,0,0,10,0,0,275,0,61,0,0,0,0
2010,KY,MF,KY:2,769,50,0,0,0,62,7206,48,0,0,471,8,0,0,0,7,0,3063,360,0,0,0,0,0,25,0,0,12,0,5,4,0,0,0
2010,KY,MF,KY:3,636,7,109,0,0,185,2501,31,0,0,170,0,0,0,0,0,0,3410,64,0,0,10,0,0,297,0,105,33,0,0,0,0,6,0
2010,LA,MF,LA:1,0,5560,0,0,0,0,24,200,0,0,2871,0,0,370,0,0,0,2935,0,0,0,550,365,0,1975,0,0,225,0,0,0,0,131,0
2010,LA,MF,LA:2,0,42389,2675,3555,0,125,0,58007,0,0,58286,0,85896,168192,0,285540,0,88788,8,0,0,106810,75591,5175,120577,75,460,5469,0,0,11870,0,292,0
2010,LA,MF,LA:3,0,489540,13268,116672,0,0,390,140,0,0,355400,0,38879,301431,0,223916,0,133684,455,0,52420,89598,230569,0,67086,0,0,45841,0,0,0,8050,430,0
2010,LA,MF,LA:4,0,1226667,17375,58523,0,5400,0,22173,0,0,610562,0,3230,172009,0,46800,0,5670,3744,0,41013,24064,38603,0,105415,0,0,199277,0,0,8,0,360,0
2010,MI,MF,MI:1,0,0,0,0,0,0,0,0,0,0,0,0,0,0,0,0,0,0,0,0,0,0,0,0,0,0,0,0,0,0,0,0,0,0
2010,MI,MF,MI:2,0,0,0,0,0,14,2,0,0,0,0,113,0,0,0,0,0,542,0,0,0,0,0,0,0,0,0,10,0,184,2,0,0,0
2010,MI,MF,MI:3,39,0,0,0,0,106,1024,0,0,0,57,2078,0,0,0,0,10780,3897,4007,0,0,2,0,0,0,0,0,45,2445,501,3150,0,0,0
2010,MI,MF,MI:4,45,100,0,0,0,0,450,0,0,0,10,1280,0,0,0,0,3,1600,45,0,0,0,0,0,70,3,0,0,0,80,3240,0,0,0
2010,MI,MF,MI:5,22,0,0,0,0,913,19330,6,0,0,14,716,0,1,0,0,23150,9884,2111,0,0,0,0,69,0,0,0,66,11,357,10,0,0,0
2010,MI,MF,MI:6,18,0,0,0,0,112,4912,0,0,0,0,0,0,0,0,0,0,2621,20,0,0,0,0,0,0,0,0,50,0,583,0,0,0,0
2010,MI,MF,MI:7,1849,0,0,0,0,132,7618,53065,0,0,0,1930,0,0,0,0,0,5001,1575,0,0,0,0,7785,0,0,0,11695,0,3127,610,0,0,0
2010,MN,MF,MN:1,0,0,0,0,0,0,23,0,0,0,1,10,0,0,0,0,0,579,8,0,0,0,0,0,0,0,0,0,0,285,0,0,0,0
2010,MN,MF,MN:2,0,0,0,0,0,0,0,0,0,0,0,0,0,0,0,0,0,0,0,0,0,0,0,0,0,0,0,0,0,0,0,0,0,0
2010,MN,MF,MN:3,5,1,0,0,0,0,1288,1,0,0,0,2112,0,12,0,0,0,4210,3912,0,0,7,4,0,0,0,0,0,0,83,40,0,0,0
2010,MN,MF,MN:4,3,5,0,0,0,0,24690,0,0,0,0,331,0,0,0,0,0,14692,30,0,0,0,0,0,27,0,0,0,0,1585,0,0,1,0
2010,MO,MF,MO:1,0,0,0,0,0,0,6673,0,0,0,0,15,0,0,0,1,0,98,64,0,0,0,1,0,2,0,0,0,0,19,7,0,0,0
2010,MO,MF,MO:2,0,0,0,0,0,0,106449,0,0,0,33,36,0,2,0,7172,0,26480,250,0,0,0,15,0,0,0,0,0,0,32,20,0,0,0
2010,MO,MF,MO:3,1,280,20,20,0,70,63175,0,0,0,5543,370,60,102,0,48320,0,10855,9456,0,0,19,143,0,349,0,0,110,0,20,561,0,72,0
2010,MO,MF,MO:4,0,0,0,0,0,0,28842,0,0,0,0,71,100,0,0,0,0,757,50,0,0,0,0,0,0,0,0,60,0,210,504,0,2,0
2010,MO,MF,MO:5,250,277,1000,0,0,85,24770,18,0,0,12067,3,20333,11,0,260350,0,62797,1419,0,0,4543,5563,0,2737,1133,0,315,0,15,8,0,57,0
2010,MS,MF,MS:1,0,51738,9786,418,0,462,387,18927,0,0,60423,0,9621,37588,0,370060,0,281622,15909,0,0,37859,284761,16725,19897,27437,0,87227,0,0,0,0,9388,0
2010,MS,MF,MS:2,9,14279,280,5,0,482,824,89,0,0,1533,2,0,1275,0,0,0,14086,2784,0,0,222,1155,10,616,29,0,102,0,0,1589,0,1443,0
2010,OH,MF,OH:1,1274,81,2,0,0,41,48382,50,0,0,65,2163,0,0,0,2,0,11514,11148,0,0,3,34,187,30,17,0,2078,0,599,0,0,3,0
2010,OH,MF,OH:2,535,23,5,0,0,116,16996,14,0,0,35,28,0,20,0,4,0,2141,9,0,0,17,0,47,58,0,0,228,0,25,0,0,0,0
2010,OH,MF,OH:3,1666,41,5,0,0,50,74808,5,0,0,24,79,0,0,0,7,0,14048,365,0,0,20,6,66,343,12,0,2,0,74,0,0,8,0
2010,TN,MF,TN:1,177,800,7132,0,0,7,1335,3170,0,0,31693,10,8450,7201,0,10476,0,486371,36,0,0,10683,15511,55,6872,26,7,520,0,0,2000,0,700,0
2010,TN,MF,TN:2,9367,1790,8017,0,0,752,12469,2360,0,0,35738,241,500,3825,0,5,0,168169,2199,0,0,14280,460,80,16534,800,0,2630,0,0,0,0,210,0
2010,TN,MF,TN:3,227,31,45,0,0,236,3335,20,0,0,0,0,0,43,0,1,0,10546,4,0,0,7,20,13,565,0,48498,521,0,0,178,0,15,0
2010,WI,MF,WI:1,19,0,0,0,0,0,4258,0,0,0,0,83,0,0,0,0,0,748,10,0,0,0,0,0,0,0,0,0,0,154,0,0,0,0
2010,WI,MF,WI:2,34,1,2,0,0,7,5661,0,0,0,34,3196,0,0,0,0,0,5840,4989,0,0,0,0,0,0,0,0,0,0,608,0,0,0,0
2010,WI,MF,WI:3,67,37,14,0,0,2303,10996,1,0,0,0,3608,0,0,0,0,0,14659,2113,0,0,0,144,0,0,27,0,51,0,73,10,0,0,0
2010,WI,MF,WI:4,285,2,0,0,0,437,8736,2,0,0,2,8363,0,0,0,0,0,8221,1795,0,0,1,0,3,3,0,0,20402,0,5,0,0,0,0
2009,AL,MF,AL:1,2091,66811,4533,0,0,715,1056,1445,0,0,33226,129,185,2785,0,2542,0,34809,326,0,0,6075,4430,63,7400,50,4204,1034,0,0,61,0,269,0
2009,AL,MF,AL:2,3,1450,404,81,0,105,0,0,0,0,1349,0,0,2800,0,0,0,1428,0,0,0,786,691,0,3076,0,0,342,0,0,2357,0,792,0
2009,AL,MF,AL:3,0,0,0,0,0,111,0,0,0,0,130,0,0,25,0,0,0,0,0,0,16,0,0,0,0,0,0,103,0,0,0,0,0,0
2009,AL,MF,AL:4,0,2500,355,0,0,0,5,0,0,0,124,0,0,126,0,0,0,1568,42,0,0,3,0,0,385,0,0,100,0,0,7,0,1021,0
2009,AR,MF,AR:1,0,1823,120,0,0,235,560,0,0,0,18323,0,0,1120,0,500,0,16930,45,0,0,975,3880,0,2695,0,0,25,0,0,0,0,0,0
2009,AR,MF,AR:2,0,3500,100,0,0,200,400,2500,0,0,49300,0,13350,25550,0,203000,0,193210,150,0,0,37350,6900,0,4500,0,0,0,0,0,0,0,0,0
2009,AR,MF,AR:3,0,3350,1850,0,0,0,577,0,0,0,53995,0,45135,29245,0,309810,0,311310,0,0,0,105815,39130,0,2050,0,0,2850,0,0,0,0,0,0
2009,IA,MF,IA:1,0,0,0,0,0,0,2585,765,0,0,0,2336,0,0,0,0,0,758,195,0,0,1,0,6,0,0,0,100,0,35,0,0,1,0
2009,IA,MF,IA:2,0,0,4,0,0,0,14649,0,0,0,0,67,0,0,0,0,0,6170,30,0,0,0,0,0,0,0,20,0,0,16,0,0,1,0
2009,IA,MF,IA:3,4,0,0,0,0,0,59183,1,0,0,2,11,0,0,0,7,0,5251,20,0,0,0,0,0,0,0,0,0,0,3,0,0,0,0
2009,IA,MF,IA:4,0,0,0,0,0,0,6550,0,0,0,0,15,0,0,0,0,0,1774,0,0,0,0,2,1,0,0,0,0,0,23,1,0,0,0
2009,IA,MF,IA:5,2,0,0,0,0,0,6691,0,0,0,0,0,0,0,0,1,0,2302,0,0,0,0,0,0,0,0,0,0,0,77,0,0,0,0
2009,IL,MF,IL:1,0,0,0,0,0,900,5340,9940,0,0,0,3560,100,0,0,0,0,13440,9010,0,0,0,0,0,500,200,0,800,0,9,0,0,0,0
2009,IL,MF,IL:2,0,0,0,0,0,1610,66833,350,0,0,0,1707,1340,0,0,40,0,3758,4255,0,0,0,0,0,0,0,0,0,0,211,25,0,0,0
2009,IL,MF,IL:3,683,240,20,0,0,1347,33550,1733,0,0,2546,2585,11650,228,0,23250,0,34367,1052,0,0,1364,514,159,4344,300,0,1177,0,0,0,0,0,0
2009,IL,MF,IL:4,0,0,0,0,0,0,1211,0,0,0,0,68,0,0,0,0,0,83,0,0,0,0,0,0,0,0,0,0,0,0,0,0,0,0
2009,IL,MF,IL:5,163,0,0,0,0,157,6675,320,0,0,1041,0,550,0,0,8000,0,20185,0,0,0,163,0,0,2445,0,0,126,0,210,0,0,0,0
2009,IN,MF,IN:1,217,247,115,0,0,24,10161,2,0,0,85,452,120,12,0,8,0,4898,690,0,0,373,85,28,66,10,250,342,0,85,3,0,25,0
2009,IN,MF,IN:2,173,338,42,15,0,48,9582,16,0,0,241,109,2,133,0,506,0,12775,190,0,0,482,141,2,211,25,105,68,0,66,18,0,0,0
2009,IN,MF,IN:3,0,300,0,0,0,0,100,0,0,0,100,0,0,0,0,0,0,60,0,0,0,0,0,0,0,0,0,0,0,0,0,0,0,0
2009,IN,MF,IN:4,76,0,143,0,0,0,31,0,0,0,124,9,0,41,0,86,0,927,18,0,0,8,0,6,27,0,0,0,0,0,0,0,0,0
2009,KY,MF,KY:1,150,3185,225,0,0,125,10621,165,0,0,2868,213,4381,120,0,1376,0,83826,30,0,0,357,100,10,2350,0,0,4865,0,39,0,0,0,0
2009,KY,MF,KY:2,904,25,0,0,0,5,2817,9,0,0,180,0,0,0,0,0,4,2500,125,0,0,50,0,0,1,0,0,20,0,15,0,0,0,0
2009,KY,MF,KY:3,360,3520,0,0,0,384,1073,0,0,0,48,42,0,0,0,0,0,1264,28,0,0,0,0,35,177,0,0,125,0,0,14,0,0,0
2009,LA,MF,LA:1,0,10140,875,275,0,0,0,1297,0,0,5904,0,2165,4330,0,12925,0,22863,0,0,2,3317,3125,130,6235,15,0,135,0,0,0,0,399,0
2009,LA,MF,LA:2,0,12024,1683,1799,0,0,300,2595,0,0,37786,0,47840,56558,0,161595,0,61650,6,0,9,37854,52095,0,10635,0,0,6,0,0,0,150,175,0
2009,LA,MF,LA:3,0,161350,2898,37205,0,210,157,431,0,0,275003,0,51185,236392,0,320167,0,51898,637,0,36370,73581,148420,0,86586,0,0,63649,0,0,0,43875,350,0
2009,LA,MF,LA:4,0,420424,6616,29007,0,4176,0,14177,0,0,282721,0,1597,75628,0,5860,0,7939,6437,0,20877,38458,10614,0,45946,0,0,99571,0,0,0,0,0,0
2009,MI,MF,MI:1,0,0,0,0,0,0,0,0,0,0,0,0,0,0,0,0,0,0,0,0,0,0,0,0,0,0,0,0,0,0,0,0,0,0
2009,MI,MF,MI:2,0,0,0,0,0,0,0,0,0,0,1,79,0,0,0,0,0,308,0,0,0,0,0,0,0,0,0,0,0,250,0,0,0,0
2009,MI,MF,MI:3,358,0,0,0,0,448,641,0,0,0,119,3377,0,0,0,0,0,9512,625,0,0,3,0,0,0,0,0,175,0,547,0,0,0,0
2009,MI,MF,MI:4,50,140,0,0,0,125,100,0,0,0,0,60,0,0,0,0,0,1184,237,0,0,0,0,0,0,0,0,125,0,119,3775,0,0,0
2009,MI,MF,MI:5,29,0,0,0,0,363,23442,2,0,0,0,892,0,0,0,1,200,10697,822,0,0,0,0,0,0,0,0,7,0,604,0,0,1,0
2009,MI,MF,MI:6,39,0,0,0,0,25,7664,0,0,0,0,6,0,0,0,0,0,2960,20,0,0,1,0,0,0,0,0,5,0,506,0,0,2,0
2009,MI,MF,MI:7,2412,400,0,0,0,235,6830,46580,0,0,200,815,0,0,0,0,0,5481,3297,0,0,0,0,5990,0,30,0,3590,0,2035,0,0,0,0
2009,MN,MF,MN:1,2,0,0,0,0,0,10,0,0,0,0,0,0,0,0,0,0,542,1,0,0,0,0,0,0,0,0,0,0,141,0,0,0,0
2009,MN,MF,MN:2,0,0,0,0,0,0,0,0,0,0,0,0,0,0,0,0,0,0,0,0,0,0,0,0,0,0,0,0,0,0,0,0,0,0
2009,MN,MF,MN:3,0,0,0,0,0,0,306,0,0,0,0,2539,0,0,0,0,0,2283,2005,0,0,0,0,0,0,0,0,0,0,70,0,0,0,0
2009,MN,MF,MN:4,0,0,0,0,0,5,21853,0,0,0,1,256,0,0,0,0,0,20532,65,0,0,0,0,0,0,0,0,0,0,1966,4,3,0,0
2009,MO,MF,MO:1,0,0,0,0,0,0,31702,0,0,0,0,117,0,0,0,2886,0,7095,562,0,0,0,21,0,0,0,0,0,0,2,0,0,2,0
2009,MO,MF,MO:2,0,20,0,0,0,41,118548,0,0,0,432,544,0,60,0,332929,0,76890,5133,0,0,0,0,0,500,0,0,0,0,66,65,0,2,0
2009,MO,MF,MO:3,12,1206,1122,18,0,285,30976,28,0,0,5661,542,52,93,0,93532,0,57013,1668,0,0,14,1007,17,2202,16,0,313,0,10,462,0,354,0
2009,MO,MF,MO:4,0,0,0,0,0,60,10147,27,0,0,12,100,110,0,0,0,0,1452,17,0,0,0,0,0,0,0,0,25,0,172,66,0,22,0
2009,MO,MF,MO:5,305,1331,6161,0,0,36,3799,107,0,0,19118,9,16760,8415,0,399995,0,80252,141,0,0,66294,15410,0,4504,25,0,370,0,26,2000,0,222,0
2009,MS,MF,MS:1,0,45008,5069,690,0,175,318,4854,0,0,67191,0,7050,19207,0,82400,0,191236,3988,0,0,21921,161904,17678,16097,12988,0,12462,0,0,0,0,2137,0
2009,MS,MF,MS:2,8,7585,29,6,0,260,1621,36,0,0,362,5,1612,663,0,7,0,4790,174,0,0,101,331,0,603,2,0,162,0,0,896,0,536,0
2009,OH,MF,OH:1,5591,186,55,0,0,369,99304,1441,0,0,190,1107,6,27,0,47,0,26090,8655,0,0,494,48,1245,180,15,0,16450,10,420,32,0,4,0
2009,OH,MF,OH:2,362,118,5,0,0,21,10214,4,0,0,72,5,0,8,0,0,1,2983,45,0,0,69,2,1,179,2,0,18,0,33,67,0,0,0
2009,OH,MF,OH:3,2102,556,638,20,0,44,56665,138,0,0,715,791,13,248,0,30,0,22550,273,0,0,785,81,162,243,16,0,38,0,37,67,0,0,0
2009,TN,MF,TN:1,78,350,5370,0,0,209,1005,918,0,0,23832,0,6221,3335,0,16026,0,181613,15,0,0,3930,10262,0,10402,0,2610,1202,0,0,0,0,300,0
2009,TN,MF,TN:2,4709,1956,4175,0,0,569,11765,2382,0,0,32487,59,330,9795,0,246,0,175562,900,0,0,15158,1250,45,15161,2648,6,1706,0,0,0,0,23,0
2009,TN,MF,TN:3,1657,107,349,0,0,189,1622,5,0,0,612,3,0,105,0,20,0,5809,23,0,0,75,34,8,644,2,17575,243,0,0,259,0,27,0
2009,WI,MF,WI:1,8,0,0,0,0,0,3111,0,0,0,0,115,0,0,0,0,0,739,9,0,0,0,0,0,0,0,0,0,0,163,9,0,0,0
2009,WI,MF,WI:2,18,0,5,0,0,0,6759,0,0,0,1,2831,0,0,0,0,0,5695,2311,0,0,0,0,1,0,0,0,2,0,160,320,0,2,0
2009,WI,MF,WI:3,68,387,0,0,0,875,13462,0,0,0,25,1982,0,0,0,1,0,12767,6730,0,0,0,35,0,0,0,0,118,1,31,0,0,0,0
2009,WI,MF,WI:4,566,2,0,0,0,1710,5969,1,0,0,0,8057,0,0,0,0,45,7443,3096,0,0,0,0,17,1,0,0,13682,0,349,55,0,0,0
2008,AL,MF,AL:1,1404,69657,3975,0,0,85,938,1154,0,0,33339,197,0,1086,0,1801,0,24657,592,0,0,2111,2798,140,3775,45,1102,858,0,0,482,0,450,0
2008,AL,MF,AL:2,0,0,50,0,0,215,34,0,0,0,1367,0,40,1650,0,0,0,225,10,0,0,250,1150,0,6270,0,0,0,0,0,5358,0,1120,0
2008,AL,MF,AL:3,0,2297,0,0,0,2450,0,0,0,0,2429,0,0,10,0,0,0,0,0,0,0,0,0,0,0,0,0,2394,0,0,0,0,0,0
2008,AL,MF,AL:4,0,2150,240,0,0,0,24,0,0,0,145,0,0,112,0,0,0,1470,4,0,0,0,40,0,11,15,0,15,0,0,0,0,351,0
2008,AR,MF,AR:1,0,1795,1840,0,0,50,1340,100,0,0,11495,0,200,1370,0,2300,0,32050,0,0,0,2510,1960,0,800,0,0,40,0,0,0,0,30,0
2008,AR,MF,AR:2,36,2550,4875,0,0,6,270,1320,0,0,20720,0,11565,21415,0,80750,0,208626,10,0,0,32925,24585,0,2765,3,0,0,0,0,0,0,400,0
2008,AR,MF,AR:3,0,4125,19705,0,0,50,325,0,0,0,40190,0,25765,28345,0,257975,0,128180,16,0,0,47960,24298,0,7210,11,0,1565,0,0,40,0,628,0
2008,IA,MF,IA:1,0,0,2,0,0,4,5713,1025,0,0,100,883,0,0,0,0,0,1888,517,0,0,2,0,68,213,0,0,427,0,16,0,0,0,0
2008,IA,MF,IA:2,0,10,1,0,0,4,9241,0,0,0,3,117,0,0,0,2,0,7402,47,0,0,0,0,0,0,0,0,0,0,39,0,0,0,0
2008,IA,MF,IA:3,0,25,0,0,0,0,75336,0,0,0,30,12,0,0,0,0,0,7576,277,0,0,0,50,0,0,0,0,0,0,6,125,0,0,0
2008,IA,MF,IA:4,0,0,0,0,0,0,8635,0,0,0,5,0,0,0,0,0,0,1559,0,0,0,0,0,0,0,0,0,0,0,5,0,0,0,0
2008,IA,MF,IA:5,0,0,0,0,0,3,15815,0,0,0,0,1,0,0,0,0,0,2097,0,0,0,1,0,0,0,0,0,0,0,11,0,0,0,0
2008,IL,MF,IL:1,150,0,0,0,0,910,6940,4990,0,0,800,6960,700,0,0,3450,0,46374,13170,0,0,0,0,0,300,0,0,910,0,5,0,0,0,0
2008,IL,MF,IL:2,25,70,0,0,0,2,56563,0,0,0,460,425,3320,0,0,29950,0,14593,4965,0,0,0,1,0,30,3,0,20,0,147,541,0,0,0
2008,IL,MF,IL:3,805,66,64,0,0,22,22750,820,0,0,280,2,1050,50,0,20260,0,15875,22,0,0,0,0,0,1555,0,0,250,0,1,5050,0,0,0
2008,IL,MF,IL:4,2,0,0,0,0,0,4051,0,0,0,0,0,0,0,0,0,0,753,0,0,0,0,0,0,0,0,0,0,0,7,0,0,0,0
2008,IL,MF,IL:5,725,0,0,0,0,0,8550,1450,0,0,1450,0,14500,0,0,74025,0,24540,0,0,0,0,0,0,1450,0,0,0,0,75,0,0,0,0
2008,IN,MF,IN:1,0,265,0,0,0,0,14383,0,0,0,0,54,0,0,0,63,0,1246,0,0,0,15,2,0,0,1,255,0,0,84,23,0,8,0
2008,IN,MF,IN:2,295,522,37,9,0,100,9481,27,0,0,468,132,188,61,0,217,2,5786,244,0,0,98,97,33,228,69,59,20,0,144,176,0,27,0
2008,IN,MF,IN:3,1,0,0,0,0,1,23,0,0,0,0,5,0,0,0,0,0,68,5,0,0,0,0,0,0,0,0,22,0,0,0,0,0,0
2008,IN,MF,IN:4,8,0,4,0,0,0,0,0,0,0,37,0,0,0,0,0,0,421,14,0,0,2,0,0,25,0,0,7,0,0,0,0,12,0
2008,KY,MF,KY:1,168,7120,508,0,0,250,7252,149,0,0,3144,545,25374,256,0,66610,0,112715,32,0,0,260,107,22,11791,20,0,4885,0,76,0,0,0,0
2008,KY,MF,KY:2,131,102,13,0,0,28,1425,0,0,0,586,8,0,0,0,0,0,506,82,0,0,0,0,0,200,0,0,0,0,0,18,0,5,0
2008,KY,MF,KY:3,487,3702,0,0,0,116,488,0,0,0,105,14,0,7,0,2,0,1536,25,0,0,0,0,0,81,0,0,47,0,0,0,0,16,0
2008,LA,MF,LA:1,0,20035,31,0,0,17,230,925,0,0,4700,0,35,10850,0,0,0,7650,8,0,0,180,930,40,3172,0,0,1183,0,0,0,0,76,0
2008,LA,MF,LA:2,0,25225,2720,487,0,0,0,56470,0,0,25125,0,31133,32139,0,325556,0,53163,3,0,100,63784,35411,11800,51082,0,2,450,0,0,1250,0,50,0
2008,LA,MF,LA:3,0,620132,7090,126536,0,0,1375,0,0,0,341256,0,66721,323627,0,320188,0,115157,0,0,35346,150384,175267,0,31555,0,0,2527,0,0,0,49491,0,0
2008,LA,MF,LA:4,0,649284,14540,43111,0,2181,0,41730,0,0,140238,290,5625,52344,0,55735,0,12728,3926,0,24282,30680,16285,0,22246,80,0,21375,0,0,0,0,0,0
2008,MI,MF,MI:1,0,0,0,0,0,0,0,0,0,0,0,0,0,0,0,0,0,0,0,0,0,0,0,0,0,0,0,0,0,0,0,0,0,0
2008,MI,MF,MI:2,0,0,0,0,0,15,75,0,0,0,0,59,0,0,0,0,0,211,0,0,0,0,0,0,0,0,0,0,0,169,0,0,0,0
2008,MI,MF,MI:3,139,71,0,0,0,388,2061,0,0,0,64,5960,0,0,0,0,2300,3546,342,0,0,8,384,350,0,0,0,17,0,985,35,0,0,0
2008,MI,MF,MI:4,11,57,0,0,0,5,62,0,0,0,57,1026,0,0,0,0,0,587,60,0,0,0,0,201,195,0,0,66,0,49,30,0,2,0
2008,MI,MF,MI:5,26,0,0,0,0,31,13469,0,0,0,0,135,0,0,0,1,0,2588,883,0,0,0,0,0,0,0,0,5,0,637,0,0,0,0
2008,MI,MF,MI:6,87,0,0,0,0,74,8176,7,0,0,0,298,0,0,0,0,0,1963,508,0,0,0,0,2,1,0,0,40,0,614,2,0,0,0
2008,MI,MF,MI:7,2922,850,0,0,0,606,10070,32000,0,0,238,281,0,0,0,0,0,11748,320,0,0,0,0,14325,0,0,0,9575,0,2266,86,0,0,0
2008,MN,MF,MN:1,0,0,0,0,0,0,15,0,0,0,0,2,0,0,0,0,0,151,14,0,0,0,0,0,0,0,0,0,0,133,0,0,0,0
2008,MN,MF,MN:2,0,0,1,0,0,0,0,0,0,0,0,10,0,0,0,0,0,31,0,0,0,0,0,0,0,0,0,0,0,0,0,0,0,0
2008,MN,MF,MN:3,9,0,0,0,0,1,557,0,0,0,0,259,0,10,0,0,0,3560,1699,0,0,0,0,0,0,0,0,0,0,26,0,0,0,0
2008,MN,MF,MN:4,0,21,0,0,0,0,59782,20,0,0,0,245,0,0,0,0,0,9051,0,0,0,0,2,0,0,0,0,15,0,0,25,0,0,0
2008,MO,MF,MO:1,2,16,0,0,0,0,39923,0,0,0,75,59,15,0,0,13245,0,18511,501,0,0,3,9,5,3,0,0,0,0,48,0,0,0,0
2008,MO,MF,MO:2,13,412,0,0,0,65,80236,4,0,0,753,124,25,435,0,83965,0,58382,1574,0,0,177,0,6,0,0,0,0,0,28,425,0,0,0
2008,MO,MF,MO:3,6,1299,33,13,0,157,31407,41,0,0,3084,581,151,252,0,11183,0,40472,824,0,0,166,146,11,254,2,0,381,0,11,308,0,244,0
2008,MO,MF,MO:4,0,16,10,0,0,5,12232,18,0,0,226,17,250,0,0,150,0,16302,13,0,0,10,5,0,30,2,0,86,0,158,2,0,13,0
2008,MO,MF,MO:5,538,662,1510,9,0,3,2052,42,0,0,21529,9,12245,7370,0,167005,0,116446,277,0,0,70543,9973,0,11291,45,0,2035,0,13,522,0,119,0
2008,MS,MF,MS:1,0,0,2208,0,0,177,521,1295,0,0,106352,0,21832,2728,0,229700,0,204322,0,0,0,4598,134118,1171,43874,12225,0,14946,0,0,0,0,2585,0
2008,MS,MF,MS:2,0,1103,210,0,0,91,351,0,0,0,507,0,50,312,0,1,0,6592,141,0,0,50,50,0,602,15,0,27,0,0,1010,0,356,0
2008,OH,MF,OH:1,4281,543,80,0,0,270,79354,4,0,0,72,114,5,0,0,189,0,25571,11432,0,0,168,32,75,704,135,0,139,1,1513,399,0,2,0
2008,OH,MF,OH:2,255,345,0,0,0,34,14592,1,0,0,80,0,0,1,0,5,0,3069,94,0,0,5,0,3,84,9,0,5,0,22,254,0,59,0
2008,OH,MF,OH:3,1108,889,68,0,0,61,41963,42,0,0,73,0,0,14,0,27,0,11020,445,0,0,53,61,125,571,72,0,102,0,29,22,0,6,0
2008,TN,MF,TN:1,529,1936,6216,0,0,433,1553,2136,0,0,37638,50,23023,21310,0,83175,0,393488,599,0,0,14062,7724,200,53557,25,4100,1718,0,0,0,0,4845,0
2008,TN,MF,TN:2,4949,37350,6485,0,0,1020,10902,2788,0,0,35408,98,954,13550,0,76,0,220557,568,0,0,9373,1102,0,19041,2435,20,1296,0,0,325,0,180,0
2008,TN,MF,TN:3,822,1002,380,0,0,161,2795,0,0,0,24,0,0,143,0,19,0,7638,30,0,0,40,82,0,83,0,8825,3,0,8,1174,0,22,0
2008,WI,MF,WI:1,46,0,0,0,0,0,1790,0,0,0,0,39,0,0,0,0,0,855,3,0,0,0,0,0,0,0,0,0,0,240,0,0,0,0
2008,WI,MF,WI:2,51,1,26,0,0,0,6007,25,0,0,3,1863,0,1,0,0,0,7674,5924,0,0,0,0,0,0,0,0,2,0,214,34,0,3,0
2008,WI,MF,WI:3,26,1735,0,0,0,3041,12852,0,0,0,77,2082,0,0,0,0,1,11407,1298,0,0,0,71,20,3,425,0,216,0,81,4,0,1,0
2008,WI,MF,WI:4,526,52,0,0,0,3602,9628,2,0,0,13,27209,0,0,0,0,56,6172,21142,0,0,0,0,428,222,2,0,24619,33,258,1,0,1,0
2007,AL,MF,AL:1,1342,71227,3994,0,0,143,855,197,0,0,21465,953,53,2562,0,2201,0,25622,681,0,0,2458,1860,80,1897,24,1945,1175,0,0,182,0,26,0
2007,AL,MF,AL:2,63,3310,377,5,0,86,0,0,0,0,1050,0,0,1409,0,0,0,797,11,0,0,585,1030,0,2901,27,0,0,0,0,575,0,645,0
2007,AL,MF,AL:3,0,2572,2,0,0,12,0,0,0,0,703,0,0,10,0,0,0,0,0,0,12,0,0,0,4,0,0,11,0,0,60,0,0,0
2007,AL,MF,AL:4,0,2100,224,0,0,20,0,0,0,0,378,0,0,24,0,0,0,1683,9,0,0,0,200,0,510,0,0,0,0,0,6,0,366,0
2007,AR,MF,AR:1,0,3355,0,0,0,150,1062,135,0,0,13003,0,200,3980,0,1300,0,26962,0,0,0,1850,3075,15,1380,0,0,270,0,0,0,0,0,0
2007,AR,MF,AR:2,0,10000,1670,0,0,0,250,1450,0,0,30848,0,6051,34990,0,149215,0,107621,0,0,0,30345,25701,0,6990,0,0,0,0,0,0,0,25,0
2007,AR,MF,AR:3,0,1756,2460,0,0,30,196,0,0,0,29460,150,42655,1865,0,134035,0,84106,133,0,0,36200,26445,0,9750,820,0,2070,0,0,1250,0,303,0
2007,IA,MF,IA:1,550,0,0,0,0,12,26925,45001,0,0,0,2520,2300,0,0,0,0,8968,1354,0,0,0,220,2000,2000,0,0,7057,0,2007,500,0,0,0
2007,IA,MF,IA:2,0,58,0,0,0,0,29835,0,0,0,15,85,15,0,0,81,0,20060,441,0,0,18,0,10,29,0,0,0,0,8,0,0,0,0
2007,IA,MF,IA:3,1,25,6,0,0,5,75750,5,0,0,95,743,35,10,0,1,0,34732,9510,0,0,0,65,27,80,0,0,60,0,18,112,0,0,0
2007,IA,MF,IA:4,5,0,0,0,0,0,25851,6,0,0,0,50,53,0,0,3,0,6257,30,0,0,1,0,0,0,0,0,8,0,0,0,0,0,0
2007,IA,MF,IA:5,0,0,0,0,0,0,89650,7,0,0,0,57,1,0,0,2,0,18492,32,0,0,0,0,0,0,0,0,3,0,50,2,0,0,0
2007,IL,MF,IL:1,100,410,0,0,0,2170,10450,23700,0,0,250,5632,5570,0,0,7900,0,50590,222,0,0,1390,20,50,3000,0,0,0,0,0,0,0,0,0
2007,IL,MF,IL:2,82,7,5,0,0,570,59445,2,0,0,988,1885,14050,0,0,31011,0,37228,561,0,0,22,1,0,600,30,0,4,0,148,10,0,2,0
2007,IL,MF,IL:3,184,120,890,0,0,6,11740,0,0,0,5640,16,2125,0,0,35500,0,22200,40,0,0,357,567,0,2875,100,0,0,0,0,4660,0,0,0
2007,IL,MF,IL:4,0,0,50,0,0,0,16365,0,0,0,0,10,0,0,0,1,0,436,0,0,0,0,5,0,0,0,0,1,1,12,0,0,0,0
2007,IL,MF,IL:5,0,0,0,0,0,0,6580,200,0,0,2000,0,12500,0,0,58550,0,6520,0,0,0,0,280,0,200,0,0,600,0,144,200,0,0,0
2007,IN,MF,IN:1,223,536,35,0,0,46,6130,11,0,0,47,194,251,5,0,87,0,11605,37,0,0,81,45,13,35,15,2500,22,0,125,0,0,125,0
2007,IN,MF,IN:2,203,710,18,0,0,111,6193,9,0,0,299,75,114,37,0,501,0,4094,212,0,0,34,23,32,581,41,204,48,0,40,479,0,47,0
2007,IN,MF,IN:3,0,0,0,0,0,0,23,20,0,0,0,0,0,0,0,0,0,9,0,0,0,0,0,0,0,0,0,0,0,0,0,0,0,0
2007,IN,MF,IN:4,212,120,0,0,0,0,30,0,0,0,18,0,0,7,0,0,0,196,8,0,0,5,0,0,20,0,0,0,0,0,71,0,0,0
2007,KY,MF,KY:1,77,4325,176,0,0,697,7841,0,0,0,6639,264,9825,372,0,15651,0,44761,0,0,0,70,30,50,6195,0,0,4550,0,33,0,0,4,0
2007,KY,MF,KY:2,128,4,0,0,0,10,1546,6,0,0,26,0,0,15,0,20,0,753,4,0,0,0,0,0,17,0,15,0,0,0,0,0,6,0
2007,KY,MF,KY:3,217,960,0,0,0,44,335,0,0,0,0,6,0,0,0,0,0,489,5,0,0,0,0,0,7,0,0,0,0,0,30,0,0,0
2007,LA,MF,LA:1,0,35865,0,0,0,170,0,4610,0,0,1304,0,0,780,0,0,0,3171,5,0,0,0,450,0,872,0,0,1076,0,0,0,0,116,0
2007,LA,MF,LA:2,0,13660,1392,1285,0,0,0,52350,0,0,49574,0,42082,57901,0,213830,0,52282,100,0,0,47233,36591,0,60410,0,0,1000,0,0,0,0,160,0
2007,LA,MF,LA:3,0,377220,69643,421972,0,281,0,2352,0,0,603965,0,66245,1116531,0,374833,0,325587,140,0,59494,541066,278237,0,30642,1053,0,14356,0,0,0,34749,0,0
2007,LA,MF,LA:4,0,481162,21803,1600,0,0,0,9088,0,0,512827,0,5785,96860,0,44740,0,4412,4798,0,23169,99672,9110,0,72700,0,0,8288,0,0,0,0,0,0
2007,MI,MF,MI:1,0,0,0,0,0,0,490,0,0,0,0,0,0,0,0,0,0,15,0,0,0,0,0,0,0,0,0,0,0,7,0,0,0,0
2007,MI,MF,MI:2,0,0,0,0,0,298,447,0,0,0,0,93,0,0,0,0,0,268,16,0,0,0,0,0,0,0,0,0,0,0,0,0,0,0
2007,MI,MF,MI:3,321,0,0,0,0,2466,6432,0,0,0,328,1431,0,1,0,0,0,4350,205,0,0,0,750,0,0,2,0,0,0,1515,1196,0,0,0
2007,MI,MF,MI:4,0,100,0,0,0,276,10185,37,0,0,0,1295,0,0,0,0,0,1506,630,0,0,0,0,297,150,0,0,175,0,333,1100,0,0,0
2007,MI,MF,MI:5,377,504,0,0,0,394,19750,16,0,0,0,390,0,0,0,0,0,7370,443,0,0,0,1,20,68,8,0,40,0,826,50,0,2,0
2007,MI,MF,MI:6,404,0,0,0,0,40,28608,12,0,0,0,164,0,0,0,2,0,11393,2823,0,0,3,6,5,0,0,0,30,0,4152,56,0,0,0
2007,MI,MF,MI:7,1034,0,0,0,0,958,10619,82521,0,0,20,293,0,0,0,0,0,2867,1478,0,0,20,0,18325,0,0,0,6150,0,1615,840,0,0,0
2007,MN,MF,MN:1,4,0,0,0,0,0,543,0,0,0,0,0,0,0,0,0,0,328,0,0,0,0,0,0,0,0,0,0,0,51,0,0,0,0
2007,MN,MF,MN:2,41,0,0,0,0,1,288,0,0,0,1,270,0,1,0,1,0,858,98,0,0,0,0,0,0,0,0,1,2,0,0,0,0,0
2007,MN,MF,MN:3,5,0,0,0,0,0,1894,0,0,0,0,60,0,0,0,0,0,1579,1,0,0,0,0,0,0,0,0,0,0,21,0,0,0,0
2007,MN,MF,MN:4,10,22,0,0,0,10,167872,3,0,0,17,211,0,0,0,1,0,8906,5,0,0,0,0,0,14,0,0,0,0,147,0,0,0,0
2007,MO,MF,MO:1,0,0,0,0,0,7,25016,8,0,0,20,1088,950,150,0,246000,0,94376,189,0,0,0,443,0,2,0,0,0,0,42,2,0,0,0
2007,MO,MF,MO:2,1,453,26,0,0,172,35632,8,0,0,338,278,150,317,0,68248,0,147823,426,0,0,0,124,5,369,0,0,113,0,9,2022,0,59,0
2007,MO,MF,MO:3,0,2554,126,0,0,213,18965,0,0,0,3307,692,125,249,0,22696,0,72929,570,0,0,50,179,0,654,13,0,475,0,11,2775,0,298,0
2007,MO,MF,MO:4,0,0,198,0,0,15,7868,2,0,0,196,1,1600,190,0,1500,0,19477,0,0,0,190,190,0,10,37,0,0,0,130,25,0,11,0
2007,MO,MF,MO:5,966,6020,3660,25,0,8,1487,48,0,0,14824,0,13940,4869,0,192270,0,94723,1152,0,0,26411,11355,0,12911,84,2,373,0,11,3847,0,3761,0
2007,MS,MF,MS:1,2,829,2877,4,0,11146,13,0,0,0,29234,0,1745,29906,0,240111,0,91678,52,0,0,18125,14375,0,205,4955,0,160,0,0,0,0,4130,0
2007,MS,MF,MS:2,0,1055,44,0,0,241,444,0,0,0,292,0,0,36,0,0,0,1009,30,0,0,20,2,0,122,0,0,45,0,0,206,0,1080,0
2007,OH,MF,OH:1,2869,4116,79,0,0,40,42226,1040,0,0,398,46,4,3,0,3,0,30659,42589,0,0,25,51,31,368,910,0,7757,0,3060,26,0,6,0
2007,OH,MF,OH:2,172,483,11,0,0,42,11097,0,0,0,82,0,0,0,0,0,0,2594,227,0,0,0,0,0,466,0,0,1,0,35,193,0,24,0
2007,OH,MF,OH:3,830,1873,38,0,0,15,17113,8,0,0,20,0,23,9,0,1,0,8325,147,0,0,31,9,23,345,47,0,15,0,40,1590,0,18,0
2007,TN,MF,TN:1,346,893,7813,0,0,0,3608,60,0,0,23068,0,6666,4039,0,150,0,132019,267,0,0,14962,2296,150,13327,37,0,5175,0,0,0,0,4407,0
2007,TN,MF,TN:2,3246,4107,7240,0,0,599,6909,890,0,0,16587,65,394,9092,0,92,0,100612,145,0,0,8234,282,0,8041,1303,0,1333,0,0,0,0,141,0
2007,TN,MF,TN:3,1412,1753,1395,3,0,0,1197,0,0,0,182,2,0,282,0,0,0,6364,39,0,0,106,167,2,194,0,14698,89,0,2,200,0,41,0
2007,WI,MF,WI:1,48,0,0,4,0,2,11697,0,0,0,0,41,0,0,0,0,0,2336,4,0,0,0,0,0,0,0,0,0,0,326,0,0,3,0
2007,WI,MF,WI:2,72,8,137,0,0,319,17488,4,0,0,130,1175,0,6,0,0,9,6101,4823,0,0,2,0,0,1,0,0,0,0,1196,205,0,0,0
2007,WI,MF,WI:3,13,1090,0,10,0,1471,151507,12,0,0,104,1367,10,2,0,0,0,11953,2457,0,0,0,86,0,0,0,0,35,0,210,801,0,0,0
2007,WI,MF,WI:4,498,69,0,0,0,1403,36570,2,0,0,90,10395,0,0,0,0,56,9127,2417,0,0,1,2,1874,47,0,0,19545,11,1761,456,0,1,0
2006,AL,MF,AL:1,2611,46970,5169,0,0,535,2201,1075,0,0,19683,158,0,2314,0,1900,0,42565,1345,0,0,2952,1187,45,3249,60,1775,2476,0,2,55,0,261,0
2006,AL,MF,AL:2,0,225,155,5,0,75,50,12,0,0,244,3,0,1353,0,3,0,386,3,0,0,64,503,0,3400,9,0,7,0,0,350,0,111,0
2006,AL,MF,AL:3,0,1122,0,0,0,14,0,0,0,0,832,0,0,70,0,0,0,0,0,0,0,0,0,0,0,0,0,6,0,0,0,0,0,0
2006,AL,MF,AL:4,0,195,0,0,0,0,78,0,0,0,83,0,0,55,0,0,0,594,62,0,0,20,0,0,107,0,0,0,0,0,293,0,165,0
2006,AR,MF,AR:1,0,820,375,0,0,85,1558,0,0,0,6635,0,160,3555,0,2445,0,23490,30,0,0,470,1175,12,100,0,0,166,0,0,0,0,0,0
2006,AR,MF,AR:2,6,1720,1636,0,0,1,2657,1227,0,0,10603,0,7886,16149,0,238601,0,91299,635,0,0,11668,10409,0,981,0,0,50,0,0,0,0,642,0
2006,AR,MF,AR:3,0,195,2865,0,0,754,380,8,0,0,14811,0,37244,1970,0,121195,0,46924,0,0,0,6142,6600,0,3535,0,0,1620,0,0,0,0,1300,0
2006,FL,MF,IA:1,0,10,0,10,0,0,1,0,0,0,16,0,0,0,0,0,0,30,178,0,0,0,0,0,0,0,0,583,0,0,4,0,0,0
2006,IA,MF,IA:2,3,0,0,0,0,25,8756,111,0,0,12,111,0,1,0,2,0,1167,602,0,0,0,18,0,0,0,0,400,0,27,0,0,0,0
2006,IA,MF,IA:3,0,5,0,0,0,0,21000,0,0,0,0,61,0,0,0,14,0,5112,240,0,0,0,3,0,0,0,0,0,0,26,0,0,0,0
2006,IA,MF,IA:4,0,7,0,0,0,0,76403,2,0,0,2,108,0,0,0,1,0,10411,2720,0,0,0,250,4,0,0,0,3,0,20,425,0,0,0
2006,IA,MF,IA:5,1,2,0,0,0,0,5989,0,0,0,0,6,0,0,0,0,0,2406,6,0,0,0,0,0,0,0,0,0,0,21,6,0,1,0
2006,IA,MF,IL:1,0,0,0,0,0,0,20981,10,0,0,0,100,0,0,0,0,0,4085,0,0,0,0,0,0,0,0,0,1,0,92,1,0,0,0
2006,IL,MF,IL:2,410,0,0,0,0,0,6185,7655,0,0,330,2660,300,0,0,9000,0,66565,580,0,0,1815,0,0,450,0,0,200,0,5,0,0,0,0
2006,IL,MF,IL:3,871,20,0,0,0,1120,78220,75,0,0,160,1764,3860,0,0,1490,0,68215,1994,0,0,4,0,0,150,0,0,30,0,214,230,0,0,0
2006,IL,MF,IL:4,800,0,24,0,0,0,28325,300,0,0,39,0,10700,40,0,60800,0,100085,0,0,0,4100,17,4,5280,0,0,0,0,0,22015,0,0,0
2006,IL,MF,IL:5,0,0,0,0,0,0,8720,0,0,0,0,5,0,0,0,0,0,385,0,0,0,0,0,0,0,0,0,0,0,8,0,0,0,0
2006,IL,MF,IN:1,0,0,0,0,0,0,21200,0,0,0,2900,0,16000,0,0,19300,0,53100,0,0,0,4350,0,0,4100,0,0,0,0,14,5550,0,0,0
2006,IN,MF,IN:2,49,726,1,0,0,6,8097,3,0,0,25,125,0,0,0,0,0,7229,1,0,0,26,0,0,0,6,3507,3,0,121,120,0,0,0
2006,IN,MF,IN:3,692,246,149,4,0,85,7177,38,0,0,351,181,0,24,0,82,0,14492,244,0,0,337,182,29,654,2,0,268,0,32,23,0,23,0
2006,IN,MF,IN:4,0,0,0,0,0,0,55,0,0,0,0,0,0,0,0,0,0,2,0,0,0,0,0,0,0,0,0,0,0,9,0,0,0,0
2006,IN,MF,KY:1,60,0,10,0,0,0,23,0,0,0,20,4,0,0,0,0,0,352,20,0,0,0,0,0,30,0,0,0,0,0,0,0,0,0
2006,KY,MF,KY:2,274,4100,132,0,0,186,7885,170,0,0,3265,340,5400,360,0,23600,0,84980,204,0,0,45,90,0,775,30,0,10045,0,54,0,0,0,0
2006,KY,MF,KY:3,270,100,0,0,0,25,1289,0,0,0,25,0,0,0,0,0,0,637,4,0,0,0,0,0,30,0,0,0,0,4,3,0,6,0
2006,KY,MF,LA:1,324,875,0,0,0,34,495,0,0,0,0,22,0,0,0,0,0,1894,0,0,0,0,0,0,52,0,0,65,0,6,0,0,20,0
2006,LA,MF,LA:2,0,0,0,0,0,0,0,0,0,0,0,0,0,0,0,0,0,0,0,0,0,0,0,0,0,0,0,0,0,0,0,0,0,0
2006,LA,MF,LA:3,0,5423,2840,106,0,0,1,68220,0,0,31790,0,42785,23909,0,239839,0,75460,35,0,0,139301,22789,0,60312,0,0,2175,0,0,11845,0,637,0
2006,LA,MF,LA:4,0,134000,4000,46000,0,0,0,0,0,0,331000,0,22709,864000,0,201951,0,207000,0,0,32000,123000,298000,0,54000,0,0,13000,0,0,0,0,0,0
2006,LA,MF,MI:1,0,0,4000,31000,0,0,0,57000,0,0,194000,0,404,57000,0,14190,0,22000,0,0,21000,157000,7000,0,209000,0,0,43000,0,0,0,0,0,0
2006,MI,MF,MI:2,0,0,0,0,0,148,2,0,0,0,0,56,0,0,0,0,0,387,0,0,0,0,0,0,0,0,0,0,0,175,0,0,0,0
2006,MI,MF,MI:3,82,22,0,0,0,3451,2074,3,0,0,81,505,0,0,0,0,0,1235,10,0,0,0,30,12,0,0,0,13,0,911,8,0,0,0
2006,MI,MF,MI:4,30,0,0,0,0,2,4235,0,0,0,0,817,0,0,0,0,0,392,140,0,0,0,0,14,0,0,0,0,0,75,65,0,0,0
2006,MI,MF,MI:5,36,365,0,0,0,147,24278,25,0,0,67,94,0,4,0,0,0,3088,162,0,0,4,3,15,144,0,0,50,0,1416,439,0,0,0
2006,MI,MF,MI:6,150,0,5,0,0,15,16457,0,0,0,0,0,0,0,0,0,0,6901,145,0,0,1,0,8,2,0,0,0,0,394,0,0,0,0
2006,MI,MF,MI:7,2394,0,0,0,0,422,8023,20015,0,0,0,243,0,0,0,0,0,11618,2362,0,0,0,0,5380,0,0,0,2245,0,5162,200,0,0,0
2006,MN,MF,MN:1,1,0,0,0,0,0,2071,0,0,0,0,400,0,0,0,0,0,835,15,0,0,0,0,0,0,0,0,0,0,134,0,0,0,0
2006,MN,MF,MN:2,48,0,0,0,0,0,365,0,0,0,1,175,0,0,0,0,2,1139,36,0,0,0,0,0,1,0,0,5,0,0,0,0,0,0
2006,MN,MF,MN:3,28,0,0,0,0,0,686,0,0,0,0,1032,0,0,0,0,0,888,938,0,0,0,0,0,0,0,0,0,0,28,200,0,0,0
2006,MN,MF,MN:4,10,14,2,1,0,0,47816,5,0,0,10,298,0,8,0,0,0,16774,8,0,0,0,0,4,8,0,0,106,0,0,5,0,0,0
2006,MO,MF,MO:1,0,16,0,0,0,0,17631,0,0,0,20,309,80,0,0,71700,0,67545,1236,0,0,65,9,0,50,0,0,1,0,2,846,0,0,0
2006,MO,MF,MO:2,2,205,321,0,0,131,88098,16,0,0,2225,43,1,416,0,77613,0,116482,6068,0,0,2560,456,0,120,0,0,38,0,8,3197,0,62,0
2006,MO,MF,MO:3,0,1831,67,0,0,169,22931,61,0,0,3543,313,105,307,0,21691,0,64447,2814,0,0,2,237,48,909,102,0,916,0,12,1276,0,483,0
2006,MO,MF,MO:4,0,40,0,3,0,12,17608,69,0,0,51,10,15,0,0,401,0,123833,36,0,0,6605,40,50,0,0,0,181,0,0,5623,0,5,0
2006,MO,MF,MO:5,15,289,3615,31,0,47,1832,12,0,0,22553,1,8310,4049,0,290681,0,62586,394,0,0,45450,2715,14,14369,0,27,362,0,0,7295,0,77,0
2006,MS,MF,MS:1,0,0,0,0,0,0,0,0,0,0,0,0,0,0,0,0,0,49308,0,0,0,0,0,0,0,0,0,0,0,0,279343,0,0,0
2006,MS,MF,MS:2,7,592,290,0,0,157,532,0,0,0,644,0,0,368,0,27,0,4037,169,0,0,12,13,0,369,2,0,31,0,0,946,0,939,0
2006,OH,MF,OH:1,4939,239,70,0,0,79,66723,4801,0,0,93,89,0,4,0,46,1,48535,3602,0,0,23,76,436,223,13,0,13675,52,561,17,0,0,0
2006,OH,MF,OH:2,290,92,7,0,0,49,12439,21,0,0,9,0,0,4,0,2,1,2353,37,0,0,11,6,29,137,12,0,8,0,32,211,0,89,0
2006,OH,MF,OH:3,1713,163,60,2,0,19,36427,22,0,0,135,6,0,6,0,38,0,12543,1018,0,0,15,6,34,132,8,0,2,0,23,32,0,20,0
2006,TN,MF,TN:1,287,934,16137,1,0,6,1188,236,0,0,15282,1,2266,12785,0,16017,0,454981,1029,0,0,38834,10725,8,2699,1,1662,10730,0,2,1,0,7676,0
2006,TN,MF,TN:2,6745,15664,5701,0,0,605,7910,1336,0,0,29521,155,250,12664,0,524,0,128377,1105,0,0,10286,1344,0,9468,2200,14,2085,0,2,6,0,262,0
2006,TN,MF,TN:3,629,444,136,0,0,25,1133,0,0,0,245,0,0,76,0,0,0,7741,123,0,0,10,69,0,103,0,12482,0,0,0,50,0,20,0
2006,WI,MF,WI:1,128,0,0,0,0,2,4819,0,0,0,0,25,0,0,0,0,0,1786,2,0,0,0,0,0,0,0,0,0,0,110,0,0,0,0
2006,WI,MF,WI:2,34,0,0,0,0,3,5342,0,0,0,25,485,0,3,0,0,0,4559,17575,0,0,0,0,0,0,0,0,2,0,289,0,0,0,0
2006,WI,MF,WI:3,69,2561,0,0,0,468,85250,15,0,0,0,1707,0,0,0,2,0,13841,2500,0,0,0,0,40,15,22,0,194,0,62,2,0,0,0
2006,WI,MF,WI:4,169,39,0,0,0,2262,23218,4,0,0,7,17753,0,0,0,0,10053,7485,2933,0,0,1,0,1608,3,0,0,44108,1,228,61,0,2,0